[
  {
    "name": "account_id",
    "length": 8,
    "type": "decimal",
    "level": "interval"
  },
  {
    "name": "event_indicator",
    "length": 8,
    "type": "decimal",
    "level": "interval"
  },
  {
    "name": "gender",
    "length": 8,
    "type": "decimal",
    "level": "interval"
  },
  {
    "name": "ever_missed_obligation",
    "length": 8,
    "type": "decimal",
    "level": "interval"
  },
  {
    "name": "at_current_job_1_year",
    "length": 8,
    "type": "decimal",
    "level": "interval"
  },
  {
    "name": "smoker",
    "length": 8,
    "type": "decimal",
    "level": "interval"
  },
  {
    "name": "uses_direct_deposit",
    "length": 8,
    "type": "decimal",
    "level": "interval"
  },
  {
    "name": "business_owner",
    "length": 8,
    "type": "decimal",
    "level": "interval"
  },
  {
    "name": "homeowner",
    "length": 8,
    "type": "decimal",
    "level": "interval"
  },
  {
    "name": "num_dependents",
    "length": 8,
    "type": "decimal",
    "level": "interval"
  },
  {
    "name": "years_at_residence",
    "length": 8,
    "type": "decimal",
    "level": "interval"
  },
  {
    "name": "age",
    "length": 8,
    "type": "decimal",
    "level": "interval"
  },
  {
    "name": "debt_to_income",
    "length": 8,
    "type": "decimal",
    "level": "interval"
  },
  {
    "name": "num_transactions",
    "length": 8,
    "type": "decimal",
    "level": "interval"
  },
  {
    "name": "credit_history_mos",
    "length": 8,
    "type": "decimal",
    "level": "interval"
  },
  {
    "name": "credit_score",
    "length": 8,
    "type": "decimal",
    "level": "interval"
  },
  {
    "name": "amount",
    "length": 8,
    "type": "decimal",
    "level": "interval"
  },
  {
    "name": "net_worth",
    "length": 8,
    "type": "decimal",
    "level": "interval"
  },
  {
    "name": "id_important_activity",
    "length": 5,
    "type": "string",
    "level": "nominal"
  },
  {
    "name": "id_direct_contact",
    "length": 5,
    "type": "string",
    "level": "nominal"
  },
  {
    "name": "id_current_fs_relationship",
    "length": 5,
    "type": "string",
    "level": "nominal"
  },
  {
    "name": "job_in_education",
    "length": 8,
    "type": "decimal",
    "level": "interval"
  },
  {
    "name": "job_in_energy",
    "length": 8,
    "type": "decimal",
    "level": "interval"
  },
  {
    "name": "job_in_media",
    "length": 8,
    "type": "decimal",
    "level": "interval"
  },
  {
    "name": "job_in_transport",
    "length": 8,
    "type": "decimal",
    "level": "interval"
  },
  {
    "name": "job_in_hospitality",
    "length": 8,
    "type": "decimal",
    "level": "interval"
  },
  {
    "name": "job_in_healthcare",
    "length": 8,
    "type": "decimal",
    "level": "interval"
  },
  {
    "name": "job_in_manufacturing",
    "length": 8,
    "type": "decimal",
    "level": "interval"
  },
  {
    "name": "job_in_financial",
    "length": 8,
    "type": "decimal",
    "level": "interval"
  },
  {
    "name": "citizenship_us",
    "length": 8,
    "type": "decimal",
    "level": "interval"
  },
  {
    "name": "citizenship_latam",
    "length": 8,
    "type": "decimal",
    "level": "interval"
  },
  {
    "name": "citizenship_eu",
    "length": 8,
    "type": "decimal",
    "level": "interval"
  },
  {
    "name": "citizenship_middle_east",
    "length": 8,
    "type": "decimal",
    "level": "interval"
  },
  {
    "name": "citizenship_africa",
    "length": 8,
    "type": "decimal",
    "level": "interval"
  },
  {
    "name": "citizenship_india",
    "length": 8,
    "type": "decimal",
    "level": "interval"
  },
  {
    "name": "citizenship_china",
    "length": 8,
    "type": "decimal",
    "level": "interval"
  },
  {
    "name": "citizenship_other",
    "length": 8,
    "type": "decimal",
    "level": "interval"
  },
  {
    "name": "region_ca",
    "length": 8,
    "type": "decimal",
    "level": "interval"
  },
  {
    "name": "region_ny",
    "length": 8,
    "type": "decimal",
    "level": "interval"
  },
  {
    "name": "region_fl",
    "length": 8,
    "type": "decimal",
    "level": "interval"
  },
  {
    "name": "region_tx",
    "length": 8,
    "type": "decimal",
    "level": "interval"
  },
  {
    "name": "region_ne",
    "length": 8,
    "type": "decimal",
    "level": "interval"
  },
  {
    "name": "region_so",
    "length": 8,
    "type": "decimal",
    "level": "interval"
  },
  {
    "name": "region_mw",
    "length": 8,
    "type": "decimal",
    "level": "interval"
  },
  {
    "name": "region_we",
    "length": 8,
    "type": "decimal",
    "level": "interval"
  },
  {
    "name": "marital_status_single",
    "length": 8,
    "type": "decimal",
    "level": "interval"
  },
  {
    "name": "marital_status_married",
    "length": 8,
    "type": "decimal",
    "level": "interval"
  },
  {
    "name": "marital_status_divorced",
    "length": 8,
    "type": "decimal",
    "level": "interval"
  },
  {
    "name": "analytic_partition",
    "length": 8,
    "type": "decimal",
    "level": "interval"
  }
]
