{
    "custom properties": [],
    "externalUrl": "",
    "predictionVariable": "",
    "modelVersionName": "",
    "trainTable": "",
    "trainCodeType": "python",
    "description": "UDF",
    "tool": "Python 3",
    "toolVersion": "3.8.8",
    "targetVariable": "",
    "scoreCodeType": "python",
    "externalModelId": "",
    "createdBy": "chparr",
    "function": "prediction",
    "eventProbVar": "option_val",
    "modeler": "chparr",
    "name": "black_scholes_python",
    "modifiedTimeStamp": "",
    "modifiedBy": "chparr",
    "id": "",
    "creationTimeStamp": "",
    "targetEvent": "",
    "targetLevel": "",
    "algorithm": "UDF"
}