{
    "creationTimeStamp": "0001-01-01T00:00:00Z",
    "modifiedTimeStamp": "0001-01-01T00:00:00Z",
    "revision": 0,
    "name": "dmcas_relativeimportance",
    "version": 0,
    "order": 0,
    "parameterMap": {
        "LABEL": {
            "label": "Variable Label",
            "length": 256,
            "order": 1,
            "parameter": "LABEL",
            "preformatted": false,
            "type": "char",
            "values": [
                "LABEL"
            ]
        },
        "LEVEL": {
            "label": "Variable Level",
            "length": 10,
            "order": 5,
            "parameter": "LEVEL",
            "preformatted": false,
            "type": "char",
            "values": [
                "LEVEL"
            ]
        },
        "ROLE": {
            "label": "Role",
            "length": 32,
            "order": 4,
            "parameter": "ROLE",
            "preformatted": false,
            "type": "char",
            "values": [
                "ROLE"
            ]
        },
        "RelativeImportance": {
            "label": "Relative Importance",
            "length": 8,
            "order": 3,
            "parameter": "RelativeImportance",
            "preformatted": false,
            "type": "num",
            "values": [
                "RelativeImportance"
            ]
        },
        "Variable": {
            "label": "Variable Name",
            "length": 255,
            "order": 2,
            "parameter": "Variable",
            "preformatted": false,
            "type": "char",
            "values": [
                "Variable"
            ]
        }
    },
    "data": [
        {
            "dataMap": {
                "LABEL": "",
                "LEVEL": "INTERVAL",
                "ROLE": "INPUT",
                "RelativeImportance": "1.0",
                "Variable": "distance_to_bank"
            },
            "rowNumber": 1
        },
        {
            "dataMap": {
                "LABEL": "",
                "LEVEL": "INTERVAL",
                "ROLE": "INPUT",
                "RelativeImportance": "0.97624895438813",
                "Variable": "distance_to_employer"
            },
            "rowNumber": 2
        },
        {
            "dataMap": {
                "LABEL": "",
                "LEVEL": "INTERVAL",
                "ROLE": "INPUT",
                "RelativeImportance": "0.47472491797703",
                "Variable": "citizenship_country_risk"
            },
            "rowNumber": 3
        },
        {
            "dataMap": {
                "LABEL": "",
                "LEVEL": "NOMINAL",
                "ROLE": "INPUT",
                "RelativeImportance": "0.03836012660987",
                "Variable": "marital_status_single"
            },
            "rowNumber": 4
        },
        {
            "dataMap": {
                "LABEL": "",
                "LEVEL": "NOMINAL",
                "ROLE": "INPUT",
                "RelativeImportance": "0.01365891805949",
                "Variable": "address_change_2x_indicator"
            },
            "rowNumber": 5
        },
        {
            "dataMap": {
                "LABEL": "",
                "LEVEL": "NOMINAL",
                "ROLE": "INPUT",
                "RelativeImportance": "0.00441795359831",
                "Variable": "cross_border_trx_indicator"
            },
            "rowNumber": 6
        },
        {
            "dataMap": {
                "LABEL": "",
                "LEVEL": "NOMINAL",
                "ROLE": "INPUT",
                "RelativeImportance": "0.00389027785794",
                "Variable": "prior_ctr_indicator"
            },
            "rowNumber": 7
        },
        {
            "dataMap": {
                "LABEL": "",
                "LEVEL": "NOMINAL",
                "ROLE": "INPUT",
                "RelativeImportance": "0.00339875349638",
                "Variable": "in_person_contact_indicator"
            },
            "rowNumber": 8
        },
        {
            "dataMap": {
                "LABEL": "",
                "LEVEL": "NOMINAL",
                "ROLE": "INPUT",
                "RelativeImportance": "0.00273588690315",
                "Variable": "checking_only_indicator"
            },
            "rowNumber": 9
        },
        {
            "dataMap": {
                "LABEL": "",
                "LEVEL": "NOMINAL",
                "ROLE": "INPUT",
                "RelativeImportance": "2.753476369e-05",
                "Variable": "linkedin_indicator"
            },
            "rowNumber": 10
        }
    ],
    "xInteger": false,
    "yInteger": false
}