{
    "name": "dmcas_lift",
    "revision": 0,
    "order": 0,
    "parameterMap": {
        "_NObs_": {
            "parameter": "_NObs_",
            "type": "num",
            "label": "Sum of Frequencies",
            "length": 8,
            "order": 9,
            "values": [
                "_NObs_"
            ],
            "preformatted": false
        },
        "_Depth_": {
            "parameter": "_Depth_",
            "type": "num",
            "label": "Depth",
            "length": 8,
            "order": 7,
            "values": [
                "_Depth_"
            ],
            "preformatted": false
        },
        "_CumRespBest_": {
            "parameter": "_CumRespBest_",
            "type": "num",
            "label": "Best Cumulative Captured Response Percentage",
            "length": 8,
            "order": 17,
            "values": [
                "_CumRespBest_"
            ],
            "preformatted": false
        },
        "_formattedPartition_": {
            "parameter": "_formattedPartition_",
            "type": "char",
            "label": "Formatted Partition",
            "length": 12,
            "order": 4,
            "values": [
                "_formattedPartition_"
            ],
            "preformatted": false
        },
        "_Column_": {
            "parameter": "_Column_",
            "type": "char",
            "label": "Analysis Variable",
            "length": 8,
            "order": 5,
            "values": [
                "_Column_"
            ],
            "preformatted": false
        },
        "_RespBest_": {
            "parameter": "_RespBest_",
            "type": "num",
            "label": "Best Captured Response Percentage",
            "length": 8,
            "order": 13,
            "values": [
                "_RespBest_"
            ],
            "preformatted": false
        },
        "_DataRole_": {
            "parameter": "_DataRole_",
            "type": "char",
            "label": "Data Role",
            "length": 10,
            "order": 2,
            "values": [
                "_DataRole_"
            ],
            "preformatted": false
        },
        "_CumResp_": {
            "parameter": "_CumResp_",
            "type": "num",
            "label": "Cumulative Captured Response Percentage",
            "length": 8,
            "order": 16,
            "values": [
                "_CumResp_"
            ],
            "preformatted": false
        },
        "_PctRespBest_": {
            "parameter": "_PctRespBest_",
            "type": "num",
            "label": "Best Response Percentage",
            "length": 8,
            "order": 21,
            "values": [
                "_PctRespBest_"
            ],
            "preformatted": false
        },
        "_Gain_": {
            "parameter": "_Gain_",
            "type": "num",
            "label": "Gain",
            "length": 8,
            "order": 24,
            "values": [
                "_Gain_"
            ],
            "preformatted": false
        },
        "_CumLift_": {
            "parameter": "_CumLift_",
            "type": "num",
            "label": "Cumulative Lift",
            "length": 8,
            "order": 18,
            "values": [
                "_CumLift_"
            ],
            "preformatted": false
        },
        "_Event_": {
            "parameter": "_Event_",
            "type": "char",
            "label": "Event",
            "length": 12,
            "order": 6,
            "values": [
                "_Event_"
            ],
            "preformatted": false
        },
        "_TargetName_": {
            "parameter": "_TargetName_",
            "type": "char",
            "label": "Target Name",
            "length": 6,
            "order": 1,
            "values": [
                "_TargetName_"
            ],
            "preformatted": false
        },
        "_PctResp_": {
            "parameter": "_PctResp_",
            "type": "num",
            "label": "Response Percentage",
            "length": 8,
            "order": 20,
            "values": [
                "_PctResp_"
            ],
            "preformatted": false
        },
        "_GainBest_": {
            "parameter": "_GainBest_",
            "type": "num",
            "label": "Best Gain",
            "length": 8,
            "order": 25,
            "values": [
                "_GainBest_"
            ],
            "preformatted": false
        },
        "_CumLiftBest_": {
            "parameter": "_CumLiftBest_",
            "type": "num",
            "label": "Best Cumulative Lift",
            "length": 8,
            "order": 19,
            "values": [
                "_CumLiftBest_"
            ],
            "preformatted": false
        },
        "_Lift_": {
            "parameter": "_Lift_",
            "type": "num",
            "label": "Lift",
            "length": 8,
            "order": 14,
            "values": [
                "_Lift_"
            ],
            "preformatted": false
        },
        "_CumPctResp_": {
            "parameter": "_CumPctResp_",
            "type": "num",
            "label": "Cumulative Response Percentage",
            "length": 8,
            "order": 22,
            "values": [
                "_CumPctResp_"
            ],
            "preformatted": false
        },
        "_NEventsBest_": {
            "parameter": "_NEventsBest_",
            "type": "num",
            "label": "Best Number of Events",
            "length": 8,
            "order": 11,
            "values": [
                "_NEventsBest_"
            ],
            "preformatted": false
        },
        "_CumPctRespBest_": {
            "parameter": "_CumPctRespBest_",
            "type": "num",
            "label": "Best Cumulative Response Percentage",
            "length": 8,
            "order": 23,
            "values": [
                "_CumPctRespBest_"
            ],
            "preformatted": false
        },
        "_Value_": {
            "parameter": "_Value_",
            "type": "num",
            "label": "Value",
            "length": 8,
            "order": 8,
            "values": [
                "_Value_"
            ],
            "preformatted": false
        },
        "_NEvents_": {
            "parameter": "_NEvents_",
            "type": "num",
            "label": "Number of Events",
            "length": 8,
            "order": 10,
            "values": [
                "_NEvents_"
            ],
            "preformatted": false
        },
        "_LiftBest_": {
            "parameter": "_LiftBest_",
            "type": "num",
            "label": "Best Lift",
            "length": 8,
            "order": 15,
            "values": [
                "_LiftBest_"
            ],
            "preformatted": false
        },
        "_PartInd_": {
            "parameter": "_PartInd_",
            "type": "num",
            "label": "Partition Indicator",
            "length": 8,
            "order": 3,
            "values": [
                "_PartInd_"
            ],
            "preformatted": false
        },
        "_Resp_": {
            "parameter": "_Resp_",
            "type": "num",
            "label": "Captured Response Percentage",
            "length": 8,
            "order": 12,
            "values": [
                "_Resp_"
            ],
            "preformatted": false
        }
    },
    "data": [
        {
            "dataMap": {
                "_NObs_": "0",
                "_Depth_": "0",
                "_CumRespBest_": "0",
                "_formattedPartition_": "           0",
                "_Column_": "predict",
                "_RespBest_": "0",
                "_DataRole_": "VALIDATE",
                "_CumResp_": "0",
                "_Event_": null,
                "_TargetName_": null,
                "_NEventsBest_": "0",
                "_Value_": "0",
                "_NEvents_": "0",
                "_PartInd_": "0",
                "_Resp_": "0"
            },
            "rowNumber": 1
        },
        {
            "dataMap": {
                "_NObs_": 215.0,
                "_Depth_": 5.0,
                "_CumRespBest_": 95.9821428571428,
                "_formattedPartition_": "           0",
                "_column_": "predict",
                "_RespBest_": 95.9821428571428,
                "_DataRole_": "VALIDATE",
                "_CumResp_": 60.2678571428571,
                "_PctRespBest_": 100.0,
                "_Gain_": 11.0535714285714,
                "_CumLift_": 12.0535714285714,
                "_Event_": "1",
                "_TargetName_": null,
                "_PctResp_": 62.7906976744186,
                "_GainBest_": 18.1964285714285,
                "_CumLiftBest_": 19.1964285714285,
                "_Lift_": 12.0535714285714,
                "_CumPctResp_": 62.7906976744186,
                "_NEventsBest_": 215.0,
                "_CumPctRespBest_": 100.0,
                "_Value_": 0.31092763373988,
                "_NEvents_": 135.0,
                "_LiftBest_": 19.1964285714285,
                "_PartInd_": "0",
                "_Resp_": 60.2678571428571,
                "_Column_": "predict_proba"
            },
            "rowNumber": 2
        },
        {
            "dataMap": {
                "_NObs_": 215.0,
                "_Depth_": 10.0,
                "_CumRespBest_": 100.0,
                "_formattedPartition_": "           0",
                "_column_": "predict",
                "_RespBest_": 4.01785714285714,
                "_DataRole_": "VALIDATE",
                "_CumResp_": 79.9107142857142,
                "_PctRespBest_": 4.1860465116279,
                "_Gain_": 6.99107142857143,
                "_CumLift_": 7.99107142857143,
                "_Event_": "1",
                "_TargetName_": null,
                "_PctResp_": 20.4651162790697,
                "_GainBest_": 9.0,
                "_CumLiftBest_": 10.0,
                "_Lift_": 3.92857142857142,
                "_CumPctResp_": 41.6279069767441,
                "_NEventsBest_": 9.0,
                "_CumPctRespBest_": 52.0930232558139,
                "_Value_": 0.10784895261753,
                "_NEvents_": 44.0,
                "_LiftBest_": 0.80357142857142,
                "_PartInd_": "0",
                "_Resp_": 19.6428571428571,
                "_Column_": "predict_proba"
            },
            "rowNumber": 3
        },
        {
            "dataMap": {
                "_NObs_": 215.0,
                "_Depth_": 15.0,
                "_CumRespBest_": 100.0,
                "_formattedPartition_": "           0",
                "_column_": "predict",
                "_RespBest_": 0.0,
                "_DataRole_": "VALIDATE",
                "_CumResp_": 88.8392857142857,
                "_PctRespBest_": 0.0,
                "_Gain_": 4.92261904761905,
                "_CumLift_": 5.92261904761904,
                "_Event_": "1",
                "_TargetName_": null,
                "_PctResp_": 9.30232558139535,
                "_GainBest_": 5.66666666666666,
                "_CumLiftBest_": 6.66666666666666,
                "_Lift_": 1.78571428571428,
                "_CumPctResp_": 30.8527131782945,
                "_NEventsBest_": 0.0,
                "_CumPctRespBest_": 34.7286821705426,
                "_Value_": 0.05233698912303,
                "_NEvents_": 20.0,
                "_LiftBest_": 0.0,
                "_PartInd_": "0",
                "_Resp_": 8.92857142857143,
                "_Column_": "predict_proba"
            },
            "rowNumber": 4
        },
        {
            "dataMap": {
                "_NObs_": 215.0,
                "_Depth_": 20.0,
                "_CumRespBest_": 100.0,
                "_formattedPartition_": "           0",
                "_column_": "predict",
                "_RespBest_": 0.0,
                "_DataRole_": "VALIDATE",
                "_CumResp_": 91.9642857142857,
                "_PctRespBest_": 0.0,
                "_Gain_": 3.59821428571428,
                "_CumLift_": 4.59821428571428,
                "_Event_": "1",
                "_TargetName_": null,
                "_PctResp_": 3.25581395348837,
                "_GainBest_": 4.0,
                "_CumLiftBest_": 5.0,
                "_Lift_": 0.625,
                "_CumPctResp_": 23.953488372093,
                "_NEventsBest_": 0.0,
                "_CumPctRespBest_": 26.0465116279069,
                "_Value_": 0.02983365631754,
                "_NEvents_": 7.0,
                "_LiftBest_": 0.0,
                "_PartInd_": "0",
                "_Resp_": 3.125,
                "_Column_": "predict_proba"
            },
            "rowNumber": 5
        },
        {
            "dataMap": {
                "_NObs_": 215.0,
                "_Depth_": 25.0,
                "_CumRespBest_": 100.0,
                "_formattedPartition_": "           0",
                "_column_": "predict",
                "_RespBest_": 0.0,
                "_DataRole_": "VALIDATE",
                "_CumResp_": 94.1964285714285,
                "_PctRespBest_": 0.0,
                "_Gain_": 2.76785714285714,
                "_CumLift_": 3.76785714285714,
                "_Event_": "1",
                "_TargetName_": null,
                "_PctResp_": 2.32558139534883,
                "_GainBest_": 3.0,
                "_CumLiftBest_": 4.0,
                "_Lift_": 0.44642857142857,
                "_CumPctResp_": 19.6279069767441,
                "_NEventsBest_": 0.0,
                "_CumPctRespBest_": 20.8372093023255,
                "_Value_": 0.0187990431345,
                "_NEvents_": 5.0,
                "_LiftBest_": 0.0,
                "_PartInd_": "0",
                "_Resp_": 2.23214285714285,
                "_Column_": "predict_proba"
            },
            "rowNumber": 6
        },
        {
            "dataMap": {
                "_NObs_": 215.0,
                "_Depth_": 30.0,
                "_CumRespBest_": 100.0,
                "_formattedPartition_": "           0",
                "_column_": "predict",
                "_RespBest_": 0.0,
                "_DataRole_": "VALIDATE",
                "_CumResp_": 97.3214285714285,
                "_PctRespBest_": 0.0,
                "_Gain_": 2.24404761904761,
                "_CumLift_": 3.24404761904761,
                "_Event_": "1",
                "_TargetName_": null,
                "_PctResp_": 3.25581395348837,
                "_GainBest_": 2.33333333333333,
                "_CumLiftBest_": 3.33333333333333,
                "_Lift_": 0.625,
                "_CumPctResp_": 16.8992248062015,
                "_NEventsBest_": 0.0,
                "_CumPctRespBest_": 17.3643410852713,
                "_Value_": 0.0126491957781,
                "_NEvents_": 7.0,
                "_LiftBest_": 0.0,
                "_PartInd_": "0",
                "_Resp_": 3.125,
                "_Column_": "predict_proba"
            },
            "rowNumber": 7
        },
        {
            "dataMap": {
                "_NObs_": 215.0,
                "_Depth_": 35.0,
                "_CumRespBest_": 100.0,
                "_formattedPartition_": "           0",
                "_column_": "predict",
                "_RespBest_": 0.0,
                "_DataRole_": "VALIDATE",
                "_CumResp_": 97.7678571428571,
                "_PctRespBest_": 0.0,
                "_Gain_": 1.79336734693877,
                "_CumLift_": 2.79336734693877,
                "_Event_": "1",
                "_TargetName_": null,
                "_PctResp_": 0.46511627906976,
                "_GainBest_": 1.85714285714285,
                "_CumLiftBest_": 2.85714285714285,
                "_Lift_": 0.08928571428571,
                "_CumPctResp_": 14.5514950166112,
                "_NEventsBest_": 0.0,
                "_CumPctRespBest_": 14.8837209302325,
                "_Value_": 0.00905748187281,
                "_NEvents_": 1.0,
                "_LiftBest_": 0.0,
                "_PartInd_": "0",
                "_Resp_": 0.44642857142857,
                "_Column_": "predict_proba"
            },
            "rowNumber": 8
        },
        {
            "dataMap": {
                "_NObs_": 215.0,
                "_Depth_": 40.0,
                "_CumRespBest_": 100.0,
                "_formattedPartition_": "           0",
                "_column_": "predict",
                "_RespBest_": 0.0,
                "_DataRole_": "VALIDATE",
                "_CumResp_": 98.6607142857143,
                "_PctRespBest_": 0.0,
                "_Gain_": 1.46651785714285,
                "_CumLift_": 2.46651785714285,
                "_Event_": "1",
                "_TargetName_": null,
                "_PctResp_": 0.93023255813953,
                "_GainBest_": 1.5,
                "_CumLiftBest_": 2.5,
                "_Lift_": 0.17857142857142,
                "_CumPctResp_": 12.8488372093023,
                "_NEventsBest_": 0.0,
                "_CumPctRespBest_": 13.0232558139534,
                "_Value_": 0.00638032923857,
                "_NEvents_": 2.0,
                "_LiftBest_": 0.0,
                "_PartInd_": "0",
                "_Resp_": 0.89285714285714,
                "_Column_": "predict_proba"
            },
            "rowNumber": 9
        },
        {
            "dataMap": {
                "_NObs_": 215.0,
                "_Depth_": 45.0,
                "_CumRespBest_": 100.0,
                "_formattedPartition_": "           0",
                "_column_": "predict",
                "_RespBest_": 0.0,
                "_DataRole_": "VALIDATE",
                "_CumResp_": 99.1071428571428,
                "_PctRespBest_": 0.0,
                "_Gain_": 1.20238095238095,
                "_CumLift_": 2.20238095238095,
                "_Event_": "1",
                "_TargetName_": null,
                "_PctResp_": 0.46511627906976,
                "_GainBest_": 1.22222222222222,
                "_CumLiftBest_": 2.22222222222222,
                "_Lift_": 0.08928571428571,
                "_CumPctResp_": 11.4728682170542,
                "_NEventsBest_": 0.0,
                "_CumPctRespBest_": 11.5762273901808,
                "_Value_": 0.00456193117957,
                "_NEvents_": 1.0,
                "_LiftBest_": 0.0,
                "_PartInd_": "0",
                "_Resp_": 0.44642857142857,
                "_Column_": "predict_proba"
            },
            "rowNumber": 10
        },
        {
            "dataMap": {
                "_NObs_": 215.0,
                "_Depth_": 50.0,
                "_CumRespBest_": 100.0,
                "_formattedPartition_": "           0",
                "_column_": "predict",
                "_RespBest_": 0.0,
                "_DataRole_": "VALIDATE",
                "_CumResp_": 99.1071428571428,
                "_PctRespBest_": 0.0,
                "_Gain_": 0.98214285714285,
                "_CumLift_": 1.98214285714285,
                "_Event_": "1",
                "_TargetName_": null,
                "_PctResp_": 0.0,
                "_GainBest_": 0.99999999999999,
                "_CumLiftBest_": 2.0,
                "_Lift_": 0.0,
                "_CumPctResp_": 10.3255813953488,
                "_NEventsBest_": 0.0,
                "_CumPctRespBest_": 10.4186046511627,
                "_Value_": 0.00356296594043,
                "_NEvents_": 0.0,
                "_LiftBest_": 0.0,
                "_PartInd_": "0",
                "_Resp_": 0.0,
                "_Column_": "predict_proba"
            },
            "rowNumber": 11
        },
        {
            "dataMap": {
                "_NObs_": 215.0,
                "_Depth_": 55.0,
                "_CumRespBest_": 100.0,
                "_formattedPartition_": "           0",
                "_column_": "predict",
                "_RespBest_": 0.0,
                "_DataRole_": "VALIDATE",
                "_CumResp_": 99.5535714285714,
                "_PctRespBest_": 0.0,
                "_Gain_": 0.81006493506493,
                "_CumLift_": 1.81006493506493,
                "_Event_": "1",
                "_TargetName_": null,
                "_PctResp_": 0.46511627906976,
                "_GainBest_": 0.81818181818181,
                "_CumLiftBest_": 1.81818181818181,
                "_Lift_": 0.08928571428571,
                "_CumPctResp_": 9.4291754756871,
                "_NEventsBest_": 0.0,
                "_CumPctRespBest_": 9.47145877378435,
                "_Value_": 0.00248265711562,
                "_NEvents_": 1.0,
                "_LiftBest_": 0.0,
                "_PartInd_": "0",
                "_Resp_": 0.44642857142857,
                "_Column_": "predict_proba"
            },
            "rowNumber": 12
        },
        {
            "dataMap": {
                "_NObs_": 215.0,
                "_Depth_": 60.0,
                "_CumRespBest_": 100.0,
                "_formattedPartition_": "           0",
                "_column_": "predict",
                "_RespBest_": 0.0,
                "_DataRole_": "VALIDATE",
                "_CumResp_": 100.0,
                "_PctRespBest_": 0.0,
                "_Gain_": 0.66666666666666,
                "_CumLift_": 1.66666666666666,
                "_Event_": "1",
                "_TargetName_": null,
                "_PctResp_": 0.46511627906976,
                "_GainBest_": 0.66666666666666,
                "_CumLiftBest_": 1.66666666666666,
                "_Lift_": 0.08928571428571,
                "_CumPctResp_": 8.68217054263566,
                "_NEventsBest_": 0.0,
                "_CumPctRespBest_": 8.68217054263566,
                "_Value_": 0.00183580401372,
                "_NEvents_": 1.0,
                "_LiftBest_": 0.0,
                "_PartInd_": "0",
                "_Resp_": 0.44642857142857,
                "_Column_": "predict_proba"
            },
            "rowNumber": 13
        },
        {
            "dataMap": {
                "_NObs_": 215.0,
                "_Depth_": 65.0,
                "_CumRespBest_": 100.0,
                "_formattedPartition_": "           0",
                "_column_": "predict",
                "_RespBest_": 0.0,
                "_DataRole_": "VALIDATE",
                "_CumResp_": 100.0,
                "_PctRespBest_": 0.0,
                "_Gain_": 0.53846153846153,
                "_CumLift_": 1.53846153846153,
                "_Event_": "1",
                "_TargetName_": null,
                "_PctResp_": 0.0,
                "_GainBest_": 0.53846153846153,
                "_CumLiftBest_": 1.53846153846153,
                "_Lift_": 0.0,
                "_CumPctResp_": 8.01431127012522,
                "_NEventsBest_": 0.0,
                "_CumPctRespBest_": 8.01431127012522,
                "_Value_": 0.00140661376356,
                "_NEvents_": 0.0,
                "_LiftBest_": 0.0,
                "_PartInd_": "0",
                "_Resp_": 0.0,
                "_Column_": "predict_proba"
            },
            "rowNumber": 14
        },
        {
            "dataMap": {
                "_NObs_": 215.0,
                "_Depth_": 70.0,
                "_CumRespBest_": 100.0,
                "_formattedPartition_": "           0",
                "_column_": "predict",
                "_RespBest_": 0.0,
                "_DataRole_": "VALIDATE",
                "_CumResp_": 100.0,
                "_PctRespBest_": 0.0,
                "_Gain_": 0.42857142857142,
                "_CumLift_": 1.42857142857142,
                "_Event_": "1",
                "_TargetName_": null,
                "_PctResp_": 0.0,
                "_GainBest_": 0.42857142857142,
                "_CumLiftBest_": 1.42857142857142,
                "_Lift_": 0.0,
                "_CumPctResp_": 7.44186046511628,
                "_NEventsBest_": 0.0,
                "_CumPctRespBest_": 7.44186046511628,
                "_Value_": 0.00105849035542,
                "_NEvents_": 0.0,
                "_LiftBest_": 0.0,
                "_PartInd_": "0",
                "_Resp_": 0.0,
                "_Column_": "predict_proba"
            },
            "rowNumber": 15
        },
        {
            "dataMap": {
                "_NObs_": 215.0,
                "_Depth_": 75.0,
                "_CumRespBest_": 100.0,
                "_formattedPartition_": "           0",
                "_column_": "predict",
                "_RespBest_": 0.0,
                "_DataRole_": "VALIDATE",
                "_CumResp_": 100.0,
                "_PctRespBest_": 0.0,
                "_Gain_": 0.33333333333333,
                "_CumLift_": 1.33333333333333,
                "_Event_": "1",
                "_TargetName_": null,
                "_PctResp_": 0.0,
                "_GainBest_": 0.33333333333333,
                "_CumLiftBest_": 1.33333333333333,
                "_Lift_": 0.0,
                "_CumPctResp_": 6.94573643410852,
                "_NEventsBest_": 0.0,
                "_CumPctRespBest_": 6.94573643410852,
                "_Value_": 0.00071496269799,
                "_NEvents_": 0.0,
                "_LiftBest_": 0.0,
                "_PartInd_": "0",
                "_Resp_": 0.0,
                "_Column_": "predict_proba"
            },
            "rowNumber": 16
        },
        {
            "dataMap": {
                "_NObs_": 215.0,
                "_Depth_": 80.0,
                "_CumRespBest_": 100.0,
                "_formattedPartition_": "           0",
                "_column_": "predict",
                "_RespBest_": 0.0,
                "_DataRole_": "VALIDATE",
                "_CumResp_": 100.0,
                "_PctRespBest_": 0.0,
                "_Gain_": 0.25,
                "_CumLift_": 1.25,
                "_Event_": "1",
                "_TargetName_": null,
                "_PctResp_": 0.0,
                "_GainBest_": 0.25,
                "_CumLiftBest_": 1.25,
                "_Lift_": 0.0,
                "_CumPctResp_": 6.51162790697674,
                "_NEventsBest_": 0.0,
                "_CumPctRespBest_": 6.51162790697674,
                "_Value_": 0.00048953579755,
                "_NEvents_": 0.0,
                "_LiftBest_": 0.0,
                "_PartInd_": "0",
                "_Resp_": 0.0,
                "_Column_": "predict_proba"
            },
            "rowNumber": 17
        },
        {
            "dataMap": {
                "_NObs_": 215.0,
                "_Depth_": 85.0,
                "_CumRespBest_": 100.0,
                "_formattedPartition_": "           0",
                "_column_": "predict",
                "_RespBest_": 0.0,
                "_DataRole_": "VALIDATE",
                "_CumResp_": 100.0,
                "_PctRespBest_": 0.0,
                "_Gain_": 0.17647058823529,
                "_CumLift_": 1.17647058823529,
                "_Event_": "1",
                "_TargetName_": null,
                "_PctResp_": 0.0,
                "_GainBest_": 0.17647058823529,
                "_CumLiftBest_": 1.17647058823529,
                "_Lift_": 0.0,
                "_CumPctResp_": 6.12859097127223,
                "_NEventsBest_": 0.0,
                "_CumPctRespBest_": 6.12859097127223,
                "_Value_": 0.00030954445606,
                "_NEvents_": 0.0,
                "_LiftBest_": 0.0,
                "_PartInd_": "0",
                "_Resp_": 0.0,
                "_Column_": "predict_proba"
            },
            "rowNumber": 18
        },
        {
            "dataMap": {
                "_NObs_": 215.0,
                "_Depth_": 90.0,
                "_CumRespBest_": 100.0,
                "_formattedPartition_": "           0",
                "_column_": "predict",
                "_RespBest_": 0.0,
                "_DataRole_": "VALIDATE",
                "_CumResp_": 100.0,
                "_PctRespBest_": 0.0,
                "_Gain_": 0.11111111111111,
                "_CumLift_": 1.11111111111111,
                "_Event_": "1",
                "_TargetName_": null,
                "_PctResp_": 0.0,
                "_GainBest_": 0.11111111111111,
                "_CumLiftBest_": 1.11111111111111,
                "_Lift_": 0.0,
                "_CumPctResp_": 5.78811369509043,
                "_NEventsBest_": 0.0,
                "_CumPctRespBest_": 5.78811369509043,
                "_Value_": 0.00020074147941,
                "_NEvents_": 0.0,
                "_LiftBest_": 0.0,
                "_PartInd_": "0",
                "_Resp_": 0.0,
                "_Column_": "predict_proba"
            },
            "rowNumber": 19
        },
        {
            "dataMap": {
                "_NObs_": 215.0,
                "_Depth_": 95.0,
                "_CumRespBest_": 100.0,
                "_formattedPartition_": "           0",
                "_column_": "predict",
                "_RespBest_": 0.0,
                "_DataRole_": "VALIDATE",
                "_CumResp_": 100.0,
                "_PctRespBest_": 0.0,
                "_Gain_": 0.05263157894736,
                "_CumLift_": 1.05263157894736,
                "_Event_": "1",
                "_TargetName_": null,
                "_PctResp_": 0.0,
                "_GainBest_": 0.05263157894736,
                "_CumLiftBest_": 1.05263157894736,
                "_Lift_": 0.0,
                "_CumPctResp_": 5.48347613219094,
                "_NEventsBest_": 0.0,
                "_CumPctRespBest_": 5.48347613219094,
                "_Value_": 9.315499708e-05,
                "_NEvents_": 0.0,
                "_LiftBest_": 0.0,
                "_PartInd_": "0",
                "_Resp_": 0.0,
                "_Column_": "predict_proba"
            },
            "rowNumber": 20
        },
        {
            "dataMap": {
                "_NObs_": 206.0,
                "_Depth_": 100.0,
                "_CumRespBest_": 100.0,
                "_formattedPartition_": "           0",
                "_column_": "predict",
                "_RespBest_": 0.0,
                "_DataRole_": "VALIDATE",
                "_CumResp_": 100.0,
                "_PctRespBest_": 0.0,
                "_Gain_": 0.0,
                "_CumLift_": 1.0,
                "_Event_": "1",
                "_TargetName_": null,
                "_PctResp_": 0.0,
                "_GainBest_": 0.0,
                "_CumLiftBest_": 1.0,
                "_Lift_": 0.0,
                "_CumPctResp_": 5.22022838499184,
                "_NEventsBest_": 0.0,
                "_CumPctRespBest_": 5.22022838499184,
                "_Value_": 2.858556271e-05,
                "_NEvents_": 0.0,
                "_LiftBest_": 0.0,
                "_PartInd_": "0",
                "_Resp_": 0.0,
                "_Column_": "predict_proba"
            },
            "rowNumber": 21
        },
        {
            "dataMap": {
                "_NObs_": "0",
                "_Depth_": "0",
                "_CumRespBest_": "0",
                "_formattedPartition_": "           1",
                "_column_": "predict",
                "_RespBest_": "0",
                "_DataRole_": "TRAIN",
                "_CumResp_": "0",
                "_Event_": null,
                "_TargetName_": null,
                "_NEventsBest_": "0",
                "_Value_": "0",
                "_NEvents_": "0",
                "_PartInd_": "1",
                "_Resp_": "0"
            },
            "rowNumber": 22
        },
        {
            "dataMap": {
                "_NObs_": 430.0,
                "_Depth_": 5.0,
                "_CumRespBest_": 100.0,
                "_formattedPartition_": "           1",
                "_column_": "predict",
                "_RespBest_": 100.0,
                "_DataRole_": "TRAIN",
                "_CumResp_": 62.7962085308056,
                "_PctRespBest_": 98.1395348837209,
                "_Gain_": 11.5592417061611,
                "_CumLift_": 12.5592417061611,
                "_Event_": "1",
                "_TargetName_": null,
                "_PctResp_": 61.6279069767441,
                "_GainBest_": 19.0,
                "_CumLiftBest_": 20.0,
                "_Lift_": 12.5592417061611,
                "_CumPctResp_": 61.6279069767441,
                "_NEventsBest_": 422.0,
                "_CumPctRespBest_": 98.1395348837209,
                "_Value_": 0.30608984123111,
                "_NEvents_": 265.0,
                "_LiftBest_": 20.0,
                "_PartInd_": "1",
                "_Resp_": 62.7962085308056,
                "_Column_": "predict_proba"
            },
            "rowNumber": 23
        },
        {
            "dataMap": {
                "_NObs_": 430.0,
                "_Depth_": 10.0,
                "_CumRespBest_": 100.0,
                "_formattedPartition_": "           1",
                "_column_": "predict",
                "_RespBest_": 0.0,
                "_DataRole_": "TRAIN",
                "_CumResp_": 81.5165876777251,
                "_PctRespBest_": 0.0,
                "_Gain_": 7.15165876777251,
                "_CumLift_": 8.15165876777251,
                "_Event_": "1",
                "_TargetName_": null,
                "_PctResp_": 18.3720930232558,
                "_GainBest_": 9.0,
                "_CumLiftBest_": 10.0,
                "_Lift_": 3.74407582938388,
                "_CumPctResp_": 40.0,
                "_NEventsBest_": 0.0,
                "_CumPctRespBest_": 49.0697674418604,
                "_Value_": 0.10772315295273,
                "_NEvents_": 79.0,
                "_LiftBest_": 0.0,
                "_PartInd_": "1",
                "_Resp_": 18.7203791469194,
                "_Column_": "predict_proba"
            },
            "rowNumber": 24
        },
        {
            "dataMap": {
                "_NObs_": 430.0,
                "_Depth_": 15.0,
                "_CumRespBest_": 100.0,
                "_formattedPartition_": "           1",
                "_column_": "predict",
                "_RespBest_": 0.0,
                "_DataRole_": "TRAIN",
                "_CumResp_": 90.2843601895734,
                "_PctRespBest_": 0.0,
                "_Gain_": 5.01895734597156,
                "_CumLift_": 6.01895734597156,
                "_Event_": "1",
                "_TargetName_": null,
                "_PctResp_": 8.6046511627907,
                "_GainBest_": 5.66666666666666,
                "_CumLiftBest_": 6.66666666666666,
                "_Lift_": 1.75355450236966,
                "_CumPctResp_": 29.5348837209302,
                "_NEventsBest_": 0.0,
                "_CumPctRespBest_": 32.7131782945736,
                "_Value_": 0.05347758756635,
                "_NEvents_": 37.0,
                "_LiftBest_": 0.0,
                "_PartInd_": "1",
                "_Resp_": 8.76777251184834,
                "_Column_": "predict_proba"
            },
            "rowNumber": 25
        },
        {
            "dataMap": {
                "_NObs_": 430.0,
                "_Depth_": 20.0,
                "_CumRespBest_": 100.0,
                "_formattedPartition_": "           1",
                "_column_": "predict",
                "_RespBest_": 0.0,
                "_DataRole_": "TRAIN",
                "_CumResp_": 93.3649289099526,
                "_PctRespBest_": 0.0,
                "_Gain_": 3.66824644549763,
                "_CumLift_": 4.66824644549763,
                "_Event_": "1",
                "_TargetName_": null,
                "_PctResp_": 3.02325581395348,
                "_GainBest_": 4.0,
                "_CumLiftBest_": 5.0,
                "_Lift_": 0.61611374407582,
                "_CumPctResp_": 22.906976744186,
                "_NEventsBest_": 0.0,
                "_CumPctRespBest_": 24.5348837209302,
                "_Value_": 0.03087277302511,
                "_NEvents_": 13.0,
                "_LiftBest_": 0.0,
                "_PartInd_": "1",
                "_Resp_": 3.08056872037914,
                "_Column_": "predict_proba"
            },
            "rowNumber": 26
        },
        {
            "dataMap": {
                "_NObs_": 430.0,
                "_Depth_": 25.0,
                "_CumRespBest_": 100.0,
                "_formattedPartition_": "           1",
                "_column_": "predict",
                "_RespBest_": 0.0,
                "_DataRole_": "TRAIN",
                "_CumResp_": 95.260663507109,
                "_PctRespBest_": 0.0,
                "_Gain_": 2.81042654028436,
                "_CumLift_": 3.81042654028436,
                "_Event_": "1",
                "_TargetName_": null,
                "_PctResp_": 1.86046511627907,
                "_GainBest_": 3.0,
                "_CumLiftBest_": 4.0,
                "_Lift_": 0.37914691943127,
                "_CumPctResp_": 18.6976744186046,
                "_NEventsBest_": 0.0,
                "_CumPctRespBest_": 19.6279069767441,
                "_Value_": 0.0197151940012,
                "_NEvents_": 8.0,
                "_LiftBest_": 0.0,
                "_PartInd_": "1",
                "_Resp_": 1.89573459715639,
                "_Column_": "predict_proba"
            },
            "rowNumber": 27
        },
        {
            "dataMap": {
                "_NObs_": 430.0,
                "_Depth_": 30.0,
                "_CumRespBest_": 100.0,
                "_formattedPartition_": "           1",
                "_column_": "predict",
                "_RespBest_": 0.0,
                "_DataRole_": "TRAIN",
                "_CumResp_": 96.4454976303317,
                "_PctRespBest_": 0.0,
                "_Gain_": 2.21484992101105,
                "_CumLift_": 3.21484992101105,
                "_Event_": "1",
                "_TargetName_": null,
                "_PctResp_": 1.16279069767441,
                "_GainBest_": 2.33333333333333,
                "_CumLiftBest_": 3.33333333333333,
                "_Lift_": 0.23696682464454,
                "_CumPctResp_": 15.7751937984496,
                "_NEventsBest_": 0.0,
                "_CumPctRespBest_": 16.3565891472868,
                "_Value_": 0.01324174003439,
                "_NEvents_": 5.0,
                "_LiftBest_": 0.0,
                "_PartInd_": "1",
                "_Resp_": 1.18483412322274,
                "_Column_": "predict_proba"
            },
            "rowNumber": 28
        },
        {
            "dataMap": {
                "_NObs_": 430.0,
                "_Depth_": 35.0,
                "_CumRespBest_": 100.0,
                "_formattedPartition_": "           1",
                "_column_": "predict",
                "_RespBest_": 0.0,
                "_DataRole_": "TRAIN",
                "_CumResp_": 97.1563981042654,
                "_PctRespBest_": 0.0,
                "_Gain_": 1.77589708869329,
                "_CumLift_": 2.77589708869329,
                "_Event_": "1",
                "_TargetName_": null,
                "_PctResp_": 0.69767441860465,
                "_GainBest_": 1.85714285714285,
                "_CumLiftBest_": 2.85714285714285,
                "_Lift_": 0.14218009478672,
                "_CumPctResp_": 13.6212624584717,
                "_NEventsBest_": 0.0,
                "_CumPctRespBest_": 14.0199335548172,
                "_Value_": 0.00921931434302,
                "_NEvents_": 3.0,
                "_LiftBest_": 0.0,
                "_PartInd_": "1",
                "_Resp_": 0.71090047393364,
                "_Column_": "predict_proba"
            },
            "rowNumber": 29
        },
        {
            "dataMap": {
                "_NObs_": 430.0,
                "_Depth_": 40.0,
                "_CumRespBest_": 100.0,
                "_formattedPartition_": "           1",
                "_column_": "predict",
                "_RespBest_": 0.0,
                "_DataRole_": "TRAIN",
                "_CumResp_": 97.3933649289099,
                "_PctRespBest_": 0.0,
                "_Gain_": 1.43483412322274,
                "_CumLift_": 2.43483412322274,
                "_Event_": "1",
                "_TargetName_": null,
                "_PctResp_": 0.23255813953488,
                "_GainBest_": 1.5,
                "_CumLiftBest_": 2.5,
                "_Lift_": 0.0473933649289,
                "_CumPctResp_": 11.9476744186046,
                "_NEventsBest_": 0.0,
                "_CumPctRespBest_": 12.2674418604651,
                "_Value_": 0.00678779279342,
                "_NEvents_": 1.0,
                "_LiftBest_": 0.0,
                "_PartInd_": "1",
                "_Resp_": 0.23696682464454,
                "_Column_": "predict_proba"
            },
            "rowNumber": 30
        },
        {
            "dataMap": {
                "_NObs_": 430.0,
                "_Depth_": 45.0,
                "_CumRespBest_": 100.0,
                "_formattedPartition_": "           1",
                "_column_": "predict",
                "_RespBest_": 0.0,
                "_DataRole_": "TRAIN",
                "_CumResp_": 97.867298578199,
                "_PctRespBest_": 0.0,
                "_Gain_": 1.17482885729331,
                "_CumLift_": 2.17482885729331,
                "_Event_": "1",
                "_TargetName_": null,
                "_PctResp_": 0.46511627906976,
                "_GainBest_": 1.22222222222222,
                "_CumLiftBest_": 2.22222222222222,
                "_Lift_": 0.09478672985781,
                "_CumPctResp_": 10.6718346253229,
                "_NEventsBest_": 0.0,
                "_CumPctRespBest_": 10.9043927648578,
                "_Value_": 0.00478670484448,
                "_NEvents_": 2.0,
                "_LiftBest_": 0.0,
                "_PartInd_": "1",
                "_Resp_": 0.47393364928909,
                "_Column_": "predict_proba"
            },
            "rowNumber": 31
        },
        {
            "dataMap": {
                "_NObs_": 430.0,
                "_Depth_": 50.0,
                "_CumRespBest_": 100.0,
                "_formattedPartition_": "           1",
                "_column_": "predict",
                "_RespBest_": 0.0,
                "_DataRole_": "TRAIN",
                "_CumResp_": 98.3412322274881,
                "_PctRespBest_": 0.0,
                "_Gain_": 0.96682464454976,
                "_CumLift_": 1.96682464454976,
                "_Event_": "1",
                "_TargetName_": null,
                "_PctResp_": 0.46511627906976,
                "_GainBest_": 1.0,
                "_CumLiftBest_": 2.0,
                "_Lift_": 0.09478672985781,
                "_CumPctResp_": 9.65116279069767,
                "_NEventsBest_": 0.0,
                "_CumPctRespBest_": 9.81395348837209,
                "_Value_": 0.0036068524205,
                "_NEvents_": 2.0,
                "_LiftBest_": 0.0,
                "_PartInd_": "1",
                "_Resp_": 0.47393364928909,
                "_Column_": "predict_proba"
            },
            "rowNumber": 32
        },
        {
            "dataMap": {
                "_NObs_": 430.0,
                "_Depth_": 55.0,
                "_CumRespBest_": 100.0,
                "_formattedPartition_": "           1",
                "_column_": "predict",
                "_RespBest_": 0.0,
                "_DataRole_": "TRAIN",
                "_CumResp_": 98.5781990521327,
                "_PctRespBest_": 0.0,
                "_Gain_": 0.79233089185695,
                "_CumLift_": 1.79233089185695,
                "_Event_": "1",
                "_TargetName_": null,
                "_PctResp_": 0.23255813953488,
                "_GainBest_": 0.81818181818181,
                "_CumLiftBest_": 1.81818181818181,
                "_Lift_": 0.0473933649289,
                "_CumPctResp_": 8.79492600422833,
                "_NEventsBest_": 0.0,
                "_CumPctRespBest_": 8.92177589852008,
                "_Value_": 0.00259784860211,
                "_NEvents_": 1.0,
                "_LiftBest_": 0.0,
                "_PartInd_": "1",
                "_Resp_": 0.23696682464454,
                "_Column_": "predict_proba"
            },
            "rowNumber": 33
        },
        {
            "dataMap": {
                "_NObs_": 430.0,
                "_Depth_": 60.0,
                "_CumRespBest_": 100.0,
                "_formattedPartition_": "           1",
                "_column_": "predict",
                "_RespBest_": 0.0,
                "_DataRole_": "TRAIN",
                "_CumResp_": 98.8151658767772,
                "_PctRespBest_": 0.0,
                "_Gain_": 0.64691943127962,
                "_CumLift_": 1.64691943127962,
                "_Event_": "1",
                "_TargetName_": null,
                "_PctResp_": 0.23255813953488,
                "_GainBest_": 0.66666666666666,
                "_CumLiftBest_": 1.66666666666666,
                "_Lift_": 0.0473933649289,
                "_CumPctResp_": 8.08139534883721,
                "_NEventsBest_": 0.0,
                "_CumPctRespBest_": 8.17829457364341,
                "_Value_": 0.00187609323531,
                "_NEvents_": 1.0,
                "_LiftBest_": 0.0,
                "_PartInd_": "1",
                "_Resp_": 0.23696682464454,
                "_Column_": "predict_proba"
            },
            "rowNumber": 34
        },
        {
            "dataMap": {
                "_NObs_": 430.0,
                "_Depth_": 65.0,
                "_CumRespBest_": 100.0,
                "_formattedPartition_": "           1",
                "_column_": "predict",
                "_RespBest_": 0.0,
                "_DataRole_": "TRAIN",
                "_CumResp_": 98.8151658767772,
                "_PctRespBest_": 0.0,
                "_Gain_": 0.52023332118118,
                "_CumLift_": 1.52023332118118,
                "_Event_": "1",
                "_TargetName_": null,
                "_PctResp_": 0.0,
                "_GainBest_": 0.53846153846153,
                "_CumLiftBest_": 1.53846153846153,
                "_Lift_": 0.0,
                "_CumPctResp_": 7.45974955277281,
                "_NEventsBest_": 0.0,
                "_CumPctRespBest_": 7.54919499105545,
                "_Value_": 0.00146721497548,
                "_NEvents_": 0.0,
                "_LiftBest_": 0.0,
                "_PartInd_": "1",
                "_Resp_": 0.0,
                "_Column_": "predict_proba"
            },
            "rowNumber": 35
        },
        {
            "dataMap": {
                "_NObs_": 430.0,
                "_Depth_": 70.0,
                "_CumRespBest_": 100.0,
                "_formattedPartition_": "           1",
                "_column_": "predict",
                "_RespBest_": 0.0,
                "_DataRole_": "TRAIN",
                "_CumResp_": 99.2890995260663,
                "_PctRespBest_": 0.0,
                "_Gain_": 0.41841570751523,
                "_CumLift_": 1.41841570751523,
                "_Event_": "1",
                "_TargetName_": null,
                "_PctResp_": 0.46511627906976,
                "_GainBest_": 0.42857142857142,
                "_CumLiftBest_": 1.42857142857142,
                "_Lift_": 0.09478672985781,
                "_CumPctResp_": 6.96013289036545,
                "_NEventsBest_": 0.0,
                "_CumPctRespBest_": 7.00996677740864,
                "_Value_": 0.0010841699996,
                "_NEvents_": 2.0,
                "_LiftBest_": 0.0,
                "_PartInd_": "1",
                "_Resp_": 0.47393364928909,
                "_Column_": "predict_proba"
            },
            "rowNumber": 36
        },
        {
            "dataMap": {
                "_NObs_": 430.0,
                "_Depth_": 75.0,
                "_CumRespBest_": 100.0,
                "_formattedPartition_": "           1",
                "_column_": "predict",
                "_RespBest_": 0.0,
                "_DataRole_": "TRAIN",
                "_CumResp_": 99.5260663507109,
                "_PctRespBest_": 0.0,
                "_Gain_": 0.32701421800947,
                "_CumLift_": 1.32701421800947,
                "_Event_": "1",
                "_TargetName_": null,
                "_PctResp_": 0.23255813953488,
                "_GainBest_": 0.33333333333333,
                "_CumLiftBest_": 1.33333333333333,
                "_Lift_": 0.0473933649289,
                "_CumPctResp_": 6.51162790697674,
                "_NEventsBest_": 0.0,
                "_CumPctRespBest_": 6.54263565891473,
                "_Value_": 0.00078597092569,
                "_NEvents_": 1.0,
                "_LiftBest_": 0.0,
                "_PartInd_": "1",
                "_Resp_": 0.23696682464454,
                "_Column_": "predict_proba"
            },
            "rowNumber": 37
        },
        {
            "dataMap": {
                "_NObs_": 430.0,
                "_Depth_": 80.0,
                "_CumRespBest_": 100.0,
                "_formattedPartition_": "           1",
                "_column_": "predict",
                "_RespBest_": 0.0,
                "_DataRole_": "TRAIN",
                "_CumResp_": 99.7630331753554,
                "_PctRespBest_": 0.0,
                "_Gain_": 0.24703791469194,
                "_CumLift_": 1.24703791469194,
                "_Event_": "1",
                "_TargetName_": null,
                "_PctResp_": 0.23255813953488,
                "_GainBest_": 0.25,
                "_CumLiftBest_": 1.25,
                "_Lift_": 0.0473933649289,
                "_CumPctResp_": 6.11918604651163,
                "_NEventsBest_": 0.0,
                "_CumPctRespBest_": 6.13372093023255,
                "_Value_": 0.00053645615886,
                "_NEvents_": 1.0,
                "_LiftBest_": 0.0,
                "_PartInd_": "1",
                "_Resp_": 0.23696682464454,
                "_Column_": "predict_proba"
            },
            "rowNumber": 38
        },
        {
            "dataMap": {
                "_NObs_": 430.0,
                "_Depth_": 85.0,
                "_CumRespBest_": 100.0,
                "_formattedPartition_": "           1",
                "_column_": "predict",
                "_RespBest_": 0.0,
                "_DataRole_": "TRAIN",
                "_CumResp_": 99.7630331753554,
                "_PctRespBest_": 0.0,
                "_Gain_": 0.17368274323947,
                "_CumLift_": 1.17368274323947,
                "_Event_": "1",
                "_TargetName_": null,
                "_PctResp_": 0.0,
                "_GainBest_": 0.17647058823529,
                "_CumLiftBest_": 1.17647058823529,
                "_Lift_": 0.0,
                "_CumPctResp_": 5.75923392612859,
                "_NEventsBest_": 0.0,
                "_CumPctRespBest_": 5.77291381668946,
                "_Value_": 0.00034602524354,
                "_NEvents_": 0.0,
                "_LiftBest_": 0.0,
                "_PartInd_": "1",
                "_Resp_": 0.0,
                "_Column_": "predict_proba"
            },
            "rowNumber": 39
        },
        {
            "dataMap": {
                "_NObs_": 430.0,
                "_Depth_": 90.0,
                "_CumRespBest_": 100.0,
                "_formattedPartition_": "           1",
                "_column_": "predict",
                "_RespBest_": 0.0,
                "_DataRole_": "TRAIN",
                "_CumResp_": 99.7630331753554,
                "_PctRespBest_": 0.0,
                "_Gain_": 0.10847814639283,
                "_CumLift_": 1.10847814639283,
                "_Event_": "1",
                "_TargetName_": null,
                "_PctResp_": 0.0,
                "_GainBest_": 0.11111111111111,
                "_CumLiftBest_": 1.11111111111111,
                "_Lift_": 0.0,
                "_CumPctResp_": 5.43927648578811,
                "_NEventsBest_": 0.0,
                "_CumPctRespBest_": 5.45219638242894,
                "_Value_": 0.0002185913982,
                "_NEvents_": 0.0,
                "_LiftBest_": 0.0,
                "_PartInd_": "1",
                "_Resp_": 0.0,
                "_Column_": "predict_proba"
            },
            "rowNumber": 40
        },
        {
            "dataMap": {
                "_NObs_": 430.0,
                "_Depth_": 95.0,
                "_CumRespBest_": 100.0,
                "_formattedPartition_": "           1",
                "_column_": "predict",
                "_RespBest_": 0.0,
                "_DataRole_": "TRAIN",
                "_CumResp_": 99.7630331753554,
                "_PctRespBest_": 0.0,
                "_Gain_": 0.05013719131953,
                "_CumLift_": 1.05013719131953,
                "_Event_": "1",
                "_TargetName_": null,
                "_PctResp_": 0.0,
                "_GainBest_": 0.05263157894736,
                "_CumLiftBest_": 1.05263157894736,
                "_Lift_": 0.0,
                "_CumPctResp_": 5.15299877600979,
                "_NEventsBest_": 0.0,
                "_CumPctRespBest_": 5.16523867809057,
                "_Value_": 0.00010366833415,
                "_NEvents_": 0.0,
                "_LiftBest_": 0.0,
                "_PartInd_": "1",
                "_Resp_": 0.0,
                "_Column_": "predict_proba"
            },
            "rowNumber": 41
        },
        {
            "dataMap": {
                "_NObs_": 411.0,
                "_Depth_": 100.0,
                "_CumRespBest_": 100.0,
                "_formattedPartition_": "           1",
                "_column_": "predict",
                "_RespBest_": 0.0,
                "_DataRole_": "TRAIN",
                "_CumResp_": 100.0,
                "_PctRespBest_": 0.0,
                "_Gain_": 0.0,
                "_CumLift_": 1.0,
                "_Event_": "1",
                "_TargetName_": null,
                "_PctResp_": 0.24330900243309,
                "_GainBest_": 0.0,
                "_CumLiftBest_": 1.0,
                "_Lift_": 0.0473933649289,
                "_CumPctResp_": 4.91784174338655,
                "_NEventsBest_": 0.0,
                "_CumPctRespBest_": 4.91784174338655,
                "_Value_": 2.858556271e-05,
                "_NEvents_": 1.0,
                "_LiftBest_": 0.0,
                "_PartInd_": "1",
                "_Resp_": 0.23696682464454,
                "_Column_": "predict_proba"
            },
            "rowNumber": 42
        },
        {
            "dataMap": {
                "_NObs_": "0",
                "_Depth_": "0",
                "_CumRespBest_": "0",
                "_formattedPartition_": "           2",
                "_column_": "predict",
                "_RespBest_": "0",
                "_DataRole_": "TEST",
                "_CumResp_": "0",
                "_Event_": null,
                "_TargetName_": null,
                "_NEventsBest_": "0",
                "_Value_": "0",
                "_NEvents_": "0",
                "_PartInd_": "2",
                "_Resp_": "0"
            },
            "rowNumber": 43
        },
        {
            "dataMap": {
                "_NObs_": 72.0,
                "_Depth_": 5.0,
                "_CumRespBest_": 100.0,
                "_formattedPartition_": "           2",
                "_column_": "predict",
                "_RespBest_": 100.0,
                "_DataRole_": "TEST",
                "_CumResp_": 57.1428571428571,
                "_PctRespBest_": 97.2222222222222,
                "_Gain_": 10.4285714285714,
                "_CumLift_": 11.4285714285714,
                "_Event_": "1",
                "_TargetName_": null,
                "_PctResp_": 55.5555555555555,
                "_GainBest_": 19.0,
                "_CumLiftBest_": 20.0,
                "_Lift_": 11.4285714285714,
                "_CumPctResp_": 55.5555555555555,
                "_NEventsBest_": 70.0,
                "_CumPctRespBest_": 97.2222222222222,
                "_Value_": 0.29754547183277,
                "_NEvents_": 40.0,
                "_LiftBest_": 20.0,
                "_PartInd_": "2",
                "_Resp_": 57.1428571428571,
                "_Column_": "predict_proba"
            },
            "rowNumber": 44
        },
        {
            "dataMap": {
                "_NObs_": 72.0,
                "_Depth_": 10.0,
                "_CumRespBest_": 100.0,
                "_formattedPartition_": "           2",
                "_column_": "predict",
                "_RespBest_": 0.0,
                "_DataRole_": "TEST",
                "_CumResp_": 81.4285714285714,
                "_PctRespBest_": 0.0,
                "_Gain_": 7.14285714285714,
                "_CumLift_": 8.14285714285714,
                "_Event_": "1",
                "_TargetName_": null,
                "_PctResp_": 23.6111111111111,
                "_GainBest_": 9.0,
                "_CumLiftBest_": 10.0,
                "_Lift_": 4.85714285714285,
                "_CumPctResp_": 39.5833333333333,
                "_NEventsBest_": 0.0,
                "_CumPctRespBest_": 48.6111111111111,
                "_Value_": 0.11500835764187,
                "_NEvents_": 17.0,
                "_LiftBest_": 0.0,
                "_PartInd_": "2",
                "_Resp_": 24.2857142857142,
                "_Column_": "predict_proba"
            },
            "rowNumber": 45
        },
        {
            "dataMap": {
                "_NObs_": 72.0,
                "_Depth_": 15.0,
                "_CumRespBest_": 100.0,
                "_formattedPartition_": "           2",
                "_column_": "predict",
                "_RespBest_": 0.0,
                "_DataRole_": "TEST",
                "_CumResp_": 90.0,
                "_PctRespBest_": 0.0,
                "_Gain_": 5.0,
                "_CumLift_": 6.0,
                "_Event_": "1",
                "_TargetName_": null,
                "_PctResp_": 8.33333333333333,
                "_GainBest_": 5.66666666666666,
                "_CumLiftBest_": 6.66666666666666,
                "_Lift_": 1.71428571428571,
                "_CumPctResp_": 29.1666666666666,
                "_NEventsBest_": 0.0,
                "_CumPctRespBest_": 32.4074074074074,
                "_Value_": 0.0591532271505,
                "_NEvents_": 6.0,
                "_LiftBest_": 0.0,
                "_PartInd_": "2",
                "_Resp_": 8.57142857142857,
                "_Column_": "predict_proba"
            },
            "rowNumber": 46
        },
        {
            "dataMap": {
                "_NObs_": 72.0,
                "_Depth_": 20.0,
                "_CumRespBest_": 100.0,
                "_formattedPartition_": "           2",
                "_column_": "predict",
                "_RespBest_": 0.0,
                "_DataRole_": "TEST",
                "_CumResp_": 92.8571428571428,
                "_PctRespBest_": 0.0,
                "_Gain_": 3.64285714285714,
                "_CumLift_": 4.64285714285714,
                "_Event_": "1",
                "_TargetName_": null,
                "_PctResp_": 2.77777777777777,
                "_GainBest_": 4.0,
                "_CumLiftBest_": 5.0,
                "_Lift_": 0.57142857142857,
                "_CumPctResp_": 22.5694444444444,
                "_NEventsBest_": 0.0,
                "_CumPctRespBest_": 24.3055555555555,
                "_Value_": 0.03372142663813,
                "_NEvents_": 2.0,
                "_LiftBest_": 0.0,
                "_PartInd_": "2",
                "_Resp_": 2.85714285714285,
                "_Column_": "predict_proba"
            },
            "rowNumber": 47
        },
        {
            "dataMap": {
                "_NObs_": 72.0,
                "_Depth_": 25.0,
                "_CumRespBest_": 100.0,
                "_formattedPartition_": "           2",
                "_column_": "predict",
                "_RespBest_": 0.0,
                "_DataRole_": "TEST",
                "_CumResp_": 94.2857142857142,
                "_PctRespBest_": 0.0,
                "_Gain_": 2.77142857142857,
                "_CumLift_": 3.77142857142857,
                "_Event_": "1",
                "_TargetName_": null,
                "_PctResp_": 1.38888888888888,
                "_GainBest_": 3.0,
                "_CumLiftBest_": 4.0,
                "_Lift_": 0.28571428571428,
                "_CumPctResp_": 18.3333333333333,
                "_NEventsBest_": 0.0,
                "_CumPctRespBest_": 19.4444444444444,
                "_Value_": 0.02054635337264,
                "_NEvents_": 1.0,
                "_LiftBest_": 0.0,
                "_PartInd_": "2",
                "_Resp_": 1.42857142857142,
                "_Column_": "predict_proba"
            },
            "rowNumber": 48
        },
        {
            "dataMap": {
                "_NObs_": 72.0,
                "_Depth_": 30.0,
                "_CumRespBest_": 100.0,
                "_formattedPartition_": "           2",
                "_column_": "predict",
                "_RespBest_": 0.0,
                "_DataRole_": "TEST",
                "_CumResp_": 98.5714285714285,
                "_PctRespBest_": 0.0,
                "_Gain_": 2.28571428571428,
                "_CumLift_": 3.28571428571428,
                "_Event_": "1",
                "_TargetName_": null,
                "_PctResp_": 4.16666666666666,
                "_GainBest_": 2.33333333333333,
                "_CumLiftBest_": 3.33333333333333,
                "_Lift_": 0.85714285714285,
                "_CumPctResp_": 15.9722222222222,
                "_NEventsBest_": 0.0,
                "_CumPctRespBest_": 16.2037037037037,
                "_Value_": 0.01454428163828,
                "_NEvents_": 3.0,
                "_LiftBest_": 0.0,
                "_PartInd_": "2",
                "_Resp_": 4.28571428571428,
                "_Column_": "predict_proba"
            },
            "rowNumber": 49
        },
        {
            "dataMap": {
                "_NObs_": 72.0,
                "_Depth_": 35.0,
                "_CumRespBest_": 100.0,
                "_formattedPartition_": "           2",
                "_column_": "predict",
                "_RespBest_": 0.0,
                "_DataRole_": "TEST",
                "_CumResp_": 98.5714285714285,
                "_PctRespBest_": 0.0,
                "_Gain_": 1.81632653061224,
                "_CumLift_": 2.81632653061224,
                "_Event_": "1",
                "_TargetName_": null,
                "_PctResp_": 0.0,
                "_GainBest_": 1.85714285714285,
                "_CumLiftBest_": 2.85714285714285,
                "_Lift_": 0.0,
                "_CumPctResp_": 13.6904761904761,
                "_NEventsBest_": 0.0,
                "_CumPctRespBest_": 13.8888888888888,
                "_Value_": 0.00939715232103,
                "_NEvents_": 0.0,
                "_LiftBest_": 0.0,
                "_PartInd_": "2",
                "_Resp_": 0.0,
                "_Column_": "predict_proba"
            },
            "rowNumber": 50
        },
        {
            "dataMap": {
                "_NObs_": 72.0,
                "_Depth_": 40.0,
                "_CumRespBest_": 100.0,
                "_formattedPartition_": "           2",
                "_column_": "predict",
                "_RespBest_": 0.0,
                "_DataRole_": "TEST",
                "_CumResp_": 98.5714285714285,
                "_PctRespBest_": 0.0,
                "_Gain_": 1.46428571428571,
                "_CumLift_": 2.46428571428571,
                "_Event_": "1",
                "_TargetName_": null,
                "_PctResp_": 0.0,
                "_GainBest_": 1.49999999999999,
                "_CumLiftBest_": 2.5,
                "_Lift_": 0.0,
                "_CumPctResp_": 11.9791666666666,
                "_NEventsBest_": 0.0,
                "_CumPctRespBest_": 12.1527777777777,
                "_Value_": 0.00649677125869,
                "_NEvents_": 0.0,
                "_LiftBest_": 0.0,
                "_PartInd_": "2",
                "_Resp_": 0.0,
                "_Column_": "predict_proba"
            },
            "rowNumber": 51
        },
        {
            "dataMap": {
                "_NObs_": 72.0,
                "_Depth_": 45.0,
                "_CumRespBest_": 100.0,
                "_formattedPartition_": "           2",
                "_column_": "predict",
                "_RespBest_": 0.0,
                "_DataRole_": "TEST",
                "_CumResp_": 98.5714285714285,
                "_PctRespBest_": 0.0,
                "_Gain_": 1.19047619047619,
                "_CumLift_": 2.19047619047619,
                "_Event_": "1",
                "_TargetName_": null,
                "_PctResp_": 0.0,
                "_GainBest_": 1.22222222222222,
                "_CumLiftBest_": 2.22222222222222,
                "_Lift_": 0.0,
                "_CumPctResp_": 10.6481481481481,
                "_NEventsBest_": 0.0,
                "_CumPctRespBest_": 10.8024691358024,
                "_Value_": 0.00481953314805,
                "_NEvents_": 0.0,
                "_LiftBest_": 0.0,
                "_PartInd_": "2",
                "_Resp_": 0.0,
                "_Column_": "predict_proba"
            },
            "rowNumber": 52
        },
        {
            "dataMap": {
                "_NObs_": 72.0,
                "_Depth_": 50.0,
                "_CumRespBest_": 100.0,
                "_formattedPartition_": "           2",
                "_column_": "predict",
                "_RespBest_": 0.0,
                "_DataRole_": "TEST",
                "_CumResp_": 100.0,
                "_PctRespBest_": 0.0,
                "_Gain_": 1.0,
                "_CumLift_": 2.0,
                "_Event_": "1",
                "_TargetName_": null,
                "_PctResp_": 1.38888888888888,
                "_GainBest_": 1.0,
                "_CumLiftBest_": 2.0,
                "_Lift_": 0.28571428571428,
                "_CumPctResp_": 9.72222222222222,
                "_NEventsBest_": 0.0,
                "_CumPctRespBest_": 9.72222222222222,
                "_Value_": 0.0036803729754,
                "_NEvents_": 1.0,
                "_LiftBest_": 0.0,
                "_PartInd_": "2",
                "_Resp_": 1.42857142857142,
                "_Column_": "predict_proba"
            },
            "rowNumber": 53
        },
        {
            "dataMap": {
                "_NObs_": 72.0,
                "_Depth_": 55.0,
                "_CumRespBest_": 100.0,
                "_formattedPartition_": "           2",
                "_column_": "predict",
                "_RespBest_": 0.0,
                "_DataRole_": "TEST",
                "_CumResp_": 100.0,
                "_PctRespBest_": 0.0,
                "_Gain_": 0.81818181818181,
                "_CumLift_": 1.81818181818181,
                "_Event_": "1",
                "_TargetName_": null,
                "_PctResp_": 0.0,
                "_GainBest_": 0.81818181818181,
                "_CumLiftBest_": 1.81818181818181,
                "_Lift_": 0.0,
                "_CumPctResp_": 8.83838383838384,
                "_NEventsBest_": 0.0,
                "_CumPctRespBest_": 8.83838383838384,
                "_Value_": 0.00262898065601,
                "_NEvents_": 0.0,
                "_LiftBest_": 0.0,
                "_PartInd_": "2",
                "_Resp_": 0.0,
                "_Column_": "predict_proba"
            },
            "rowNumber": 54
        },
        {
            "dataMap": {
                "_NObs_": 72.0,
                "_Depth_": 60.0,
                "_CumRespBest_": 100.0,
                "_formattedPartition_": "           2",
                "_column_": "predict",
                "_RespBest_": 0.0,
                "_DataRole_": "TEST",
                "_CumResp_": 100.0,
                "_PctRespBest_": 0.0,
                "_Gain_": 0.66666666666666,
                "_CumLift_": 1.66666666666666,
                "_Event_": "1",
                "_TargetName_": null,
                "_PctResp_": 0.0,
                "_GainBest_": 0.66666666666666,
                "_CumLiftBest_": 1.66666666666666,
                "_Lift_": 0.0,
                "_CumPctResp_": 8.10185185185185,
                "_NEventsBest_": 0.0,
                "_CumPctRespBest_": 8.10185185185185,
                "_Value_": 0.00179313205388,
                "_NEvents_": 0.0,
                "_LiftBest_": 0.0,
                "_PartInd_": "2",
                "_Resp_": 0.0,
                "_Column_": "predict_proba"
            },
            "rowNumber": 55
        },
        {
            "dataMap": {
                "_NObs_": 72.0,
                "_Depth_": 65.0,
                "_CumRespBest_": 100.0,
                "_formattedPartition_": "           2",
                "_column_": "predict",
                "_RespBest_": 0.0,
                "_DataRole_": "TEST",
                "_CumResp_": 100.0,
                "_PctRespBest_": 0.0,
                "_Gain_": 0.53846153846153,
                "_CumLift_": 1.53846153846153,
                "_Event_": "1",
                "_TargetName_": null,
                "_PctResp_": 0.0,
                "_GainBest_": 0.53846153846153,
                "_CumLiftBest_": 1.53846153846153,
                "_Lift_": 0.0,
                "_CumPctResp_": 7.47863247863248,
                "_NEventsBest_": 0.0,
                "_CumPctRespBest_": 7.47863247863248,
                "_Value_": 0.00145219121347,
                "_NEvents_": 0.0,
                "_LiftBest_": 0.0,
                "_PartInd_": "2",
                "_Resp_": 0.0,
                "_Column_": "predict_proba"
            },
            "rowNumber": 56
        },
        {
            "dataMap": {
                "_NObs_": 72.0,
                "_Depth_": 70.0,
                "_CumRespBest_": 100.0,
                "_formattedPartition_": "           2",
                "_column_": "predict",
                "_RespBest_": 0.0,
                "_DataRole_": "TEST",
                "_CumResp_": 100.0,
                "_PctRespBest_": 0.0,
                "_Gain_": 0.42857142857142,
                "_CumLift_": 1.42857142857142,
                "_Event_": "1",
                "_TargetName_": null,
                "_PctResp_": 0.0,
                "_GainBest_": 0.42857142857142,
                "_CumLiftBest_": 1.42857142857142,
                "_Lift_": 0.0,
                "_CumPctResp_": 6.94444444444444,
                "_NEventsBest_": 0.0,
                "_CumPctRespBest_": 6.94444444444444,
                "_Value_": 0.00105303407248,
                "_NEvents_": 0.0,
                "_LiftBest_": 0.0,
                "_PartInd_": "2",
                "_Resp_": 0.0,
                "_Column_": "predict_proba"
            },
            "rowNumber": 57
        },
        {
            "dataMap": {
                "_NObs_": 72.0,
                "_Depth_": 75.0,
                "_CumRespBest_": 100.0,
                "_formattedPartition_": "           2",
                "_column_": "predict",
                "_RespBest_": 0.0,
                "_DataRole_": "TEST",
                "_CumResp_": 100.0,
                "_PctRespBest_": 0.0,
                "_Gain_": 0.33333333333333,
                "_CumLift_": 1.33333333333333,
                "_Event_": "1",
                "_TargetName_": null,
                "_PctResp_": 0.0,
                "_GainBest_": 0.33333333333333,
                "_CumLiftBest_": 1.33333333333333,
                "_Lift_": 0.0,
                "_CumPctResp_": 6.48148148148148,
                "_NEventsBest_": 0.0,
                "_CumPctRespBest_": 6.48148148148148,
                "_Value_": 0.00074060177037,
                "_NEvents_": 0.0,
                "_LiftBest_": 0.0,
                "_PartInd_": "2",
                "_Resp_": 0.0,
                "_Column_": "predict_proba"
            },
            "rowNumber": 58
        },
        {
            "dataMap": {
                "_NObs_": 72.0,
                "_Depth_": 80.0,
                "_CumRespBest_": 100.0,
                "_formattedPartition_": "           2",
                "_column_": "predict",
                "_RespBest_": 0.0,
                "_DataRole_": "TEST",
                "_CumResp_": 100.0,
                "_PctRespBest_": 0.0,
                "_Gain_": 0.24999999999999,
                "_CumLift_": 1.25,
                "_Event_": "1",
                "_TargetName_": null,
                "_PctResp_": 0.0,
                "_GainBest_": 0.24999999999999,
                "_CumLiftBest_": 1.25,
                "_Lift_": 0.0,
                "_CumPctResp_": 6.07638888888889,
                "_NEventsBest_": 0.0,
                "_CumPctRespBest_": 6.07638888888889,
                "_Value_": 0.00052291107187,
                "_NEvents_": 0.0,
                "_LiftBest_": 0.0,
                "_PartInd_": "2",
                "_Resp_": 0.0,
                "_Column_": "predict_proba"
            },
            "rowNumber": 59
        },
        {
            "dataMap": {
                "_NObs_": 72.0,
                "_Depth_": 85.0,
                "_CumRespBest_": 100.0,
                "_formattedPartition_": "           2",
                "_column_": "predict",
                "_RespBest_": 0.0,
                "_DataRole_": "TEST",
                "_CumResp_": 100.0,
                "_PctRespBest_": 0.0,
                "_Gain_": 0.17647058823529,
                "_CumLift_": 1.17647058823529,
                "_Event_": "1",
                "_TargetName_": null,
                "_PctResp_": 0.0,
                "_GainBest_": 0.17647058823529,
                "_CumLiftBest_": 1.17647058823529,
                "_Lift_": 0.0,
                "_CumPctResp_": 5.71895424836601,
                "_NEventsBest_": 0.0,
                "_CumPctRespBest_": 5.71895424836601,
                "_Value_": 0.00028237033761,
                "_NEvents_": 0.0,
                "_LiftBest_": 0.0,
                "_PartInd_": "2",
                "_Resp_": 0.0,
                "_Column_": "predict_proba"
            },
            "rowNumber": 60
        },
        {
            "dataMap": {
                "_NObs_": 72.0,
                "_Depth_": 90.0,
                "_CumRespBest_": 100.0,
                "_formattedPartition_": "           2",
                "_column_": "predict",
                "_RespBest_": 0.0,
                "_DataRole_": "TEST",
                "_CumResp_": 100.0,
                "_PctRespBest_": 0.0,
                "_Gain_": 0.11111111111111,
                "_CumLift_": 1.11111111111111,
                "_Event_": "1",
                "_TargetName_": null,
                "_PctResp_": 0.0,
                "_GainBest_": 0.11111111111111,
                "_CumLiftBest_": 1.11111111111111,
                "_Lift_": 0.0,
                "_CumPctResp_": 5.40123456790123,
                "_NEventsBest_": 0.0,
                "_CumPctRespBest_": 5.40123456790123,
                "_Value_": 0.00018425311296,
                "_NEvents_": 0.0,
                "_LiftBest_": 0.0,
                "_PartInd_": "2",
                "_Resp_": 0.0,
                "_Column_": "predict_proba"
            },
            "rowNumber": 61
        },
        {
            "dataMap": {
                "_NObs_": 72.0,
                "_Depth_": 95.0,
                "_CumRespBest_": 100.0,
                "_formattedPartition_": "           2",
                "_column_": "predict",
                "_RespBest_": 0.0,
                "_DataRole_": "TEST",
                "_CumResp_": 100.0,
                "_PctRespBest_": 0.0,
                "_Gain_": 0.05263157894736,
                "_CumLift_": 1.05263157894736,
                "_Event_": "1",
                "_TargetName_": null,
                "_PctResp_": 0.0,
                "_GainBest_": 0.05263157894736,
                "_CumLiftBest_": 1.05263157894736,
                "_Lift_": 0.0,
                "_CumPctResp_": 5.11695906432748,
                "_NEventsBest_": 0.0,
                "_CumPctRespBest_": 5.11695906432748,
                "_Value_": 7.703733395e-05,
                "_NEvents_": 0.0,
                "_LiftBest_": 0.0,
                "_PartInd_": "2",
                "_Resp_": 0.0,
                "_Column_": "predict_proba"
            },
            "rowNumber": 62
        },
        {
            "dataMap": {
                "_NObs_": 62.0,
                "_Depth_": 100.0,
                "_CumRespBest_": 100.0,
                "_formattedPartition_": "           2",
                "_column_": "predict",
                "_RespBest_": 0.0,
                "_DataRole_": "TEST",
                "_CumResp_": 100.0,
                "_PctRespBest_": 0.0,
                "_Gain_": 0.0,
                "_CumLift_": 1.0,
                "_Event_": "1",
                "_TargetName_": null,
                "_PctResp_": 0.0,
                "_GainBest_": 0.0,
                "_CumLiftBest_": 1.0,
                "_Lift_": 0.0,
                "_CumPctResp_": 4.89510489510489,
                "_NEventsBest_": 0.0,
                "_CumPctRespBest_": 4.89510489510489,
                "_Value_": 2.85477406e-05,
                "_NEvents_": 0.0,
                "_LiftBest_": 0.0,
                "_PartInd_": "2",
                "_Resp_": 0.0,
                "_Column_": "predict_proba"
            },
            "rowNumber": 63
        }
    ],
    "version": 1,
    "xInteger": false,
    "yInteger": false
}