{
    "creationTimeStamp": null,
    "modifiedTimeStamp": null,
    "createdBy": null,
    "modifiedBy": null,
    "id": null,
    "name": "dmcas_fitstat",
    "description": null,
    "revision": 0,
    "groupName": null,
    "order": 0,
    "type": null,
    "parameterMap": {
        "_RASE_": {
            "parameter": "_RASE_",
            "type": "num",
            "label": "Root Average Squared Error",
            "length": 8,
            "order": 7,
            "values": [
                "_RASE_"
            ],
            "preformatted": false
        },
        "_NObs_": {
            "parameter": "_NObs_",
            "type": "num",
            "label": "Sum of Frequencies",
            "length": 8,
            "order": 4,
            "values": [
                "_NObs_"
            ],
            "preformatted": false
        },
        "_GINI_": {
            "parameter": "_GINI_",
            "type": "num",
            "label": "Gini Coefficient",
            "length": 8,
            "order": 12,
            "values": [
                "_GINI_"
            ],
            "preformatted": false
        },
        "_GAMMA_": {
            "parameter": "_GAMMA_",
            "type": "num",
            "label": "Gamma",
            "length": 8,
            "order": 13,
            "values": [
                "_GAMMA_"
            ],
            "preformatted": false
        },
        "_formattedPartition_": {
            "parameter": "_formattedPartition_",
            "type": "char",
            "label": "Formatted Partition",
            "length": 12,
            "order": 3,
            "values": [
                "_formattedPartition_"
            ],
            "preformatted": false
        },
        "_DataRole_": {
            "parameter": "_DataRole_",
            "type": "char",
            "label": "Data Role",
            "length": 10,
            "order": 1,
            "values": [
                "_DataRole_"
            ],
            "preformatted": false
        },
        "_MCE_": {
            "parameter": "_MCE_",
            "type": "num",
            "label": "Misclassification Rate",
            "length": 8,
            "order": 8,
            "values": [
                "_MCE_"
            ],
            "preformatted": false
        },
        "_ASE_": {
            "parameter": "_ASE_",
            "type": "num",
            "label": "Average Squared Error",
            "length": 8,
            "order": 5,
            "values": [
                "_ASE_"
            ],
            "preformatted": false
        },
        "_MCLL_": {
            "parameter": "_MCLL_",
            "type": "num",
            "label": "Multi-Class Log Loss",
            "length": 8,
            "order": 9,
            "values": [
                "_MCLL_"
            ],
            "preformatted": false
        },
        "_KS_": {
            "parameter": "_KS_",
            "type": "num",
            "label": "KS (Youden)",
            "length": 8,
            "order": 10,
            "values": [
                "_KS_"
            ],
            "preformatted": false
        },
        "_KSPostCutoff_": {
            "parameter": "_KSPostCutoff_",
            "type": "num",
            "label": "ROC Separation",
            "length": 8,
            "order": 16,
            "values": [
                "_KSPostCutoff_"
            ],
            "preformatted": false
        },
        "_DIV_": {
            "parameter": "_DIV_",
            "type": "num",
            "label": "Divisor for ASE",
            "length": 8,
            "order": 6,
            "values": [
                "_DIV_"
            ],
            "preformatted": false
        },
        "_TAU_": {
            "parameter": "_TAU_",
            "type": "num",
            "label": "Tau",
            "length": 8,
            "order": 14,
            "values": [
                "_TAU_"
            ],
            "preformatted": false
        },
        "_KSCut_": {
            "parameter": "_KSCut_",
            "type": "num",
            "label": "KS Cutoff",
            "length": 8,
            "order": 15,
            "values": [
                "_KSCut_"
            ],
            "preformatted": false
        },
        "_C_": {
            "parameter": "_C_",
            "type": "num",
            "label": "Area Under ROC",
            "length": 8,
            "order": 11,
            "values": [
                "_C_"
            ],
            "preformatted": false
        },
        "_PartInd_": {
            "parameter": "_PartInd_",
            "type": "num",
            "label": "Partition Indicator",
            "length": 8,
            "order": 2,
            "values": [
                "_PartInd_"
            ],
            "preformatted": false
        }
    },
    "data": [
        {
            "dataMap": {
                "_RASE_": 0.16375147577254,
                "_NObs_": 4291.0,
                "_GINI_": null,
                "_GAMMA_": null,
                "_formattedPartition_": "           0",
                "_DataRole_": "VALIDATE",
                "_MCE_": 0.03612211605686,
                "_ASE_": 0.02681454581768,
                "_MCLL_": 0.09574322828234,
                "_KS_": 1.0,
                "_KSPostCutoff_": null,
                "_DIV_": 4291.0,
                "_TAU_": null,
                "_KSCut_": null,
                "_C_": 0.95149877937405,
                "_PartInd_": null,
                "_KS2_": 0.77534116056061
            },
            "rowNumber": 1,
            "header": null
        },
        {
            "dataMap": {
                "_RASE_": 0.16050912258437,
                "_NObs_": 8581.0,
                "_GINI_": null,
                "_GAMMA_": null,
                "_formattedPartition_": "           1",
                "_DataRole_": "TRAIN",
                "_MCE_": 0.03391213145321,
                "_ASE_": 0.0257631784328,
                "_MCLL_": 0.09362611898505,
                "_KS_": 1.0,
                "_KSPostCutoff_": null,
                "_DIV_": 8581.0,
                "_TAU_": null,
                "_KSCut_": null,
                "_C_": 0.95110246644155,
                "_PartInd_": null,
                "_KS2_": 0.79302651275101
            },
            "rowNumber": 2,
            "header": null
        },
        {
            "dataMap": {
                "_RASE_": 0.16810444714156,
                "_NObs_": 1430.0,
                "_GINI_": null,
                "_GAMMA_": null,
                "_formattedPartition_": "           2",
                "_DataRole_": "TEST",
                "_MCE_": 0.03846153846153,
                "_ASE_": 0.02825910514877,
                "_MCLL_": 0.09772732131953,
                "_KS_": 1.0,
                "_KSPostCutoff_": null,
                "_DIV_": 1430.0,
                "_TAU_": null,
                "_KSCut_": null,
                "_C_": 0.95158088235294,
                "_PartInd_": null,
                "_KS2_": 0.78897058823529
            },
            "rowNumber": 3,
            "header": null
        }
    ],
    "version": 1,
    "xInteger": false,
    "yInteger": false
}