{
    "creationTimeStamp": "0001-01-01T00:00:00Z",
    "modifiedTimeStamp": "0001-01-01T00:00:00Z",
    "revision": 0,
    "name": "groupMetrics",
    "version": 0,
    "order": 0,
    "parameterMap": {
        "INTO_EVENT": {
            "label": "Proportion Into Event Level",
            "length": 8,
            "order": 32,
            "parameter": "INTO_EVENT",
            "preformatted": false,
            "type": "num",
            "values": [
                "INTO_EVENT"
            ]
        },
        "LEVEL": {
            "label": "Variable Level",
            "length": 100,
            "order": 4,
            "parameter": "LEVEL",
            "preformatted": false,
            "type": "char",
            "values": [
                "LEVEL"
            ]
        },
        "PREDICTED_EVENT": {
            "label": "Average Prediction for Event",
            "length": 8,
            "order": 33,
            "parameter": "PREDICTED_EVENT",
            "preformatted": false,
            "type": "num",
            "values": [
                "PREDICTED_EVENT"
            ]
        },
        "VLABEL": {
            "label": "Variable Label",
            "length": 256,
            "order": 2,
            "parameter": "VLABEL",
            "preformatted": false,
            "type": "char",
            "values": [
                "VLABEL"
            ]
        },
        "_DATAROLE_": {
            "label": "Data Role",
            "length": 8,
            "order": 3,
            "parameter": "_DATAROLE_",
            "preformatted": false,
            "type": "char",
            "values": [
                "_DATAROLE_"
            ]
        },
        "_VARIABLE_": {
            "label": "Variable",
            "length": 255,
            "order": 1,
            "parameter": "_VARIABLE_",
            "preformatted": false,
            "type": "char",
            "values": [
                "_VARIABLE_"
            ]
        },
        "_acc_": {
            "label": "Accuracy",
            "length": 8,
            "order": 15,
            "parameter": "_acc_",
            "preformatted": false,
            "type": "num",
            "values": [
                "_acc_"
            ]
        },
        "_ase_": {
            "label": "Average Squared Error",
            "length": 8,
            "order": 22,
            "parameter": "_ase_",
            "preformatted": false,
            "type": "num",
            "values": [
                "_ase_"
            ]
        },
        "_c_": {
            "label": "Area Under ROC",
            "length": 8,
            "order": 16,
            "parameter": "_c_",
            "preformatted": false,
            "type": "num",
            "values": [
                "_c_"
            ]
        },
        "_cumlift_": {
            "label": "Cumulative Lift",
            "length": 8,
            "order": 31,
            "parameter": "_cumlift_",
            "preformatted": false,
            "type": "num",
            "values": [
                "_cumlift_"
            ]
        },
        "_cumresp_": {
            "label": "Cumulative Captured Response Percentage",
            "length": 8,
            "order": 30,
            "parameter": "_cumresp_",
            "preformatted": false,
            "type": "num",
            "values": [
                "_cumresp_"
            ]
        },
        "_f1_": {
            "label": "F1 Score",
            "length": 8,
            "order": 17,
            "parameter": "_f1_",
            "preformatted": false,
            "type": "num",
            "values": [
                "_f1_"
            ]
        },
        "_fdr_": {
            "label": "False Discovery Rate",
            "length": 8,
            "order": 14,
            "parameter": "_fdr_",
            "preformatted": false,
            "type": "num",
            "values": [
                "_fdr_"
            ]
        },
        "_fn_": {
            "label": "False Negative",
            "length": 8,
            "order": 9,
            "parameter": "_fn_",
            "preformatted": false,
            "type": "num",
            "values": [
                "_fn_"
            ]
        },
        "_fnr_": {
            "label": "False Negative Rate",
            "length": 8,
            "order": 13,
            "parameter": "_fnr_",
            "preformatted": false,
            "type": "num",
            "values": [
                "_fnr_"
            ]
        },
        "_fp_": {
            "label": "False Positive",
            "length": 8,
            "order": 7,
            "parameter": "_fp_",
            "preformatted": false,
            "type": "num",
            "values": [
                "_fp_"
            ]
        },
        "_fpr_": {
            "label": "False Positive Rate",
            "length": 8,
            "order": 11,
            "parameter": "_fpr_",
            "preformatted": false,
            "type": "num",
            "values": [
                "_fpr_"
            ]
        },
        "_gain_": {
            "label": "Gain",
            "length": 8,
            "order": 27,
            "parameter": "_gain_",
            "preformatted": false,
            "type": "num",
            "values": [
                "_gain_"
            ]
        },
        "_gini_": {
            "label": "Gini Coefficient",
            "length": 8,
            "order": 18,
            "parameter": "_gini_",
            "preformatted": false,
            "type": "num",
            "values": [
                "_gini_"
            ]
        },
        "_ks_": {
            "label": "KS (Youden)",
            "length": 8,
            "order": 25,
            "parameter": "_ks_",
            "preformatted": false,
            "type": "num",
            "values": [
                "_ks_"
            ]
        },
        "_kscut_": {
            "label": "KS Cutoff",
            "length": 8,
            "order": 26,
            "parameter": "_kscut_",
            "preformatted": false,
            "type": "num",
            "values": [
                "_kscut_"
            ]
        },
        "_lift_": {
            "label": "Lift",
            "length": 8,
            "order": 28,
            "parameter": "_lift_",
            "preformatted": false,
            "type": "num",
            "values": [
                "_lift_"
            ]
        },
        "_mce_": {
            "label": "Misclassification Rate",
            "length": 8,
            "order": 21,
            "parameter": "_mce_",
            "preformatted": false,
            "type": "num",
            "values": [
                "_mce_"
            ]
        },
        "_mcll_": {
            "label": "Multi-Class Log Loss",
            "length": 8,
            "order": 24,
            "parameter": "_mcll_",
            "preformatted": false,
            "type": "num",
            "values": [
                "_mcll_"
            ]
        },
        "_misccutoff_": {
            "label": "Misclassification at Cutoff",
            "length": 8,
            "order": 19,
            "parameter": "_misccutoff_",
            "preformatted": false,
            "type": "num",
            "values": [
                "_misccutoff_"
            ]
        },
        "_miscks_": {
            "label": "Misclassification Rate at KS Cutoff (Event)",
            "length": 8,
            "order": 20,
            "parameter": "_miscks_",
            "preformatted": false,
            "type": "num",
            "values": [
                "_miscks_"
            ]
        },
        "_nobs_": {
            "label": "Number of Observations",
            "length": 8,
            "order": 5,
            "parameter": "_nobs_",
            "preformatted": false,
            "type": "num",
            "values": [
                "_nobs_"
            ]
        },
        "_rase_": {
            "label": "Root Average Squared Error",
            "length": 8,
            "order": 23,
            "parameter": "_rase_",
            "preformatted": false,
            "type": "num",
            "values": [
                "_rase_"
            ]
        },
        "_resp_": {
            "label": "Captured Response Percentage",
            "length": 8,
            "order": 29,
            "parameter": "_resp_",
            "preformatted": false,
            "type": "num",
            "values": [
                "_resp_"
            ]
        },
        "_tn_": {
            "label": "True Negative",
            "length": 8,
            "order": 8,
            "parameter": "_tn_",
            "preformatted": false,
            "type": "num",
            "values": [
                "_tn_"
            ]
        },
        "_tnr_": {
            "label": "True Negative Rate",
            "length": 8,
            "order": 12,
            "parameter": "_tnr_",
            "preformatted": false,
            "type": "num",
            "values": [
                "_tnr_"
            ]
        },
        "_tp_": {
            "label": "True Positive",
            "length": 8,
            "order": 6,
            "parameter": "_tp_",
            "preformatted": false,
            "type": "num",
            "values": [
                "_tp_"
            ]
        },
        "_tpr_": {
            "label": "True Positive Rate",
            "length": 8,
            "order": 10,
            "parameter": "_tpr_",
            "preformatted": false,
            "type": "num",
            "values": [
                "_tpr_"
            ]
        },
        "P_ml_indicator1": {
            "label": "P_ml_indicator1",
            "length": 8,
            "order": 34,
            "parameter": "P_ml_indicator1",
            "preformatted": false,
            "type": "num",
            "values": [
                "P_ml_indicator1"
            ]
        },
        "P_ml_indicator0": {
            "label": "P_ml_indicator0",
            "length": 8,
            "order": 35,
            "parameter": "P_ml_indicator0",
            "preformatted": false,
            "type": "num",
            "values": [
                "P_ml_indicator0"
            ]
        }
    },
    "data": [
        {
            "dataMap": {
                "INTO_EVENT": 0.0053238686779,
                "LEVEL": 0.0,
                "PREDICTED_EVENT": 0.02125209342637,
                "P_ml_indicator0": 0.97874790657362,
                "P_ml_indicator1": 0.02125209342637,
                "VLABEL": "",
                "_DATAROLE_": "TEST",
                "_VARIABLE_": "marital_status_single",
                "_acc_": 0.98402839396628,
                "_ase_": 0.01309558388084,
                "_c_": 0.88012646793134,
                "_cumlift_": 8.5,
                "_cumresp_": 85.0,
                "_f1_": 0.3076923076923,
                "_fdr_": 0.33333333333333,
                "_fn_": 16.0,
                "_fnr_": 0.8,
                "_fp_": 2.0,
                "_fpr_": 0.00180668473351,
                "_gain_": 7.5,
                "_gini_": 0.76025293586269,
                "_ks_": 0.72321589882565,
                "_kscut_": 0.19819331526648,
                "_lift_": 2.0,
                "_mce_": 0.01597160603371,
                "_mcll_": 0.05145848418271,
                "_misccutoff_": 0.01597160603371,
                "_miscks_": 0.07897071872227,
                "_nobs_": 1127.0,
                "_rase_": 0.11443593789035,
                "_resp_": 10.0,
                "_tn_": 1105.0,
                "_tnr_": 0.99819331526648,
                "_tp_": 4.0,
                "_tpr_": 0.2
            },
            "rowNumber": 1
        },
        {
            "dataMap": {
                "INTO_EVENT": 0.12871287128712,
                "LEVEL": 1.0,
                "PREDICTED_EVENT": 0.16247630832794,
                "P_ml_indicator0": 0.83752369167205,
                "P_ml_indicator1": 0.16247630832794,
                "VLABEL": "",
                "_DATAROLE_": "TEST",
                "_VARIABLE_": "marital_status_single",
                "_acc_": 0.87788778877887,
                "_ase_": 0.08465939712551,
                "_c_": 0.90166007905138,
                "_cumlift_": 4.6,
                "_cumresp_": 46.0,
                "_f1_": 0.58426966292134,
                "_fdr_": 0.33333333333333,
                "_fn_": 24.0,
                "_fnr_": 0.48,
                "_fp_": 13.0,
                "_fpr_": 0.05138339920948,
                "_gain_": 3.6,
                "_gini_": 0.80332015810276,
                "_ks_": 0.67399209486166,
                "_kscut_": 0.46861660079051,
                "_lift_": 3.6,
                "_mce_": 0.12211221122112,
                "_mcll_": 0.26982296307926,
                "_misccutoff_": 0.12211221122112,
                "_miscks_": 0.16501650165016,
                "_nobs_": 303.0,
                "_rase_": 0.29096287929135,
                "_resp_": 18.0,
                "_tn_": 240.0,
                "_tnr_": 0.94861660079051,
                "_tp_": 26.0,
                "_tpr_": 0.52
            },
            "rowNumber": 2
        }
    ],
    "xInteger": false,
    "yInteger": false
}