[
    {
        "name": "marital_status_single",
        "level": "interval",
        "type": "decimal",
        "length": 8
    },
    {
        "name": "checking_only_indicator",
        "level": "interval",
        "type": "decimal",
        "length": 8
    },
    {
        "name": "prior_ctr_indicator",
        "level": "interval",
        "type": "decimal",
        "length": 8
    },
    {
        "name": "address_change_2x_indicator",
        "level": "interval",
        "type": "decimal",
        "length": 8
    },
    {
        "name": "cross_border_trx_indicator",
        "level": "interval",
        "type": "decimal",
        "length": 8
    },
    {
        "name": "in_person_contact_indicator",
        "level": "interval",
        "type": "decimal",
        "length": 8
    },
    {
        "name": "linkedin_indicator",
        "level": "interval",
        "type": "decimal",
        "length": 8
    },
    {
        "name": "citizenship_country_risk",
        "level": "interval",
        "type": "decimal",
        "length": 8
    },
    {
        "name": "distance_to_employer",
        "level": "interval",
        "type": "decimal",
        "length": 8
    },
    {
        "name": "distance_to_bank",
        "level": "interval",
        "type": "decimal",
        "length": 8
    }
]