{
    "creationTimeStamp": "0001-01-01T00:00:00Z",
    "modifiedTimeStamp": "0001-01-01T00:00:00Z",
    "revision": 0,
    "name": "maxDifferences",
    "version": 0,
    "order": 0,
    "parameterMap": {
        "BASE": {
            "label": "Base Level",
            "length": 100,
            "order": 4,
            "parameter": "BASE",
            "preformatted": false,
            "type": "char",
            "values": [
                "BASE"
            ]
        },
        "COMPARE": {
            "label": "Comparison Level",
            "length": 100,
            "order": 5,
            "parameter": "COMPARE",
            "preformatted": false,
            "type": "char",
            "values": [
                "COMPARE"
            ]
        },
        "Metric": {
            "label": "Metric",
            "length": 15,
            "order": 6,
            "parameter": "Metric",
            "preformatted": false,
            "type": "char",
            "values": [
                "Metric"
            ]
        },
        "MetricLabel": {
            "label": "Metric Label",
            "length": 42,
            "order": 7,
            "parameter": "MetricLabel",
            "preformatted": false,
            "type": "char",
            "values": [
                "MetricLabel"
            ]
        },
        "VLABEL": {
            "label": "Variable Label",
            "length": 256,
            "order": 2,
            "parameter": "VLABEL",
            "preformatted": false,
            "type": "char",
            "values": [
                "VLABEL"
            ]
        },
        "_DATAROLE_": {
            "label": "Data Role",
            "length": 8,
            "order": 3,
            "parameter": "_DATAROLE_",
            "preformatted": false,
            "type": "char",
            "values": [
                "_DATAROLE_"
            ]
        },
        "_VARIABLE_": {
            "label": "Variable",
            "length": 255,
            "order": 1,
            "parameter": "_VARIABLE_",
            "preformatted": false,
            "type": "char",
            "values": [
                "_VARIABLE_"
            ]
        },
        "maxdiff": {
            "label": "Maximum Metric Difference",
            "length": 8,
            "order": 8,
            "parameter": "maxdiff",
            "preformatted": false,
            "type": "num",
            "values": [
                "maxdiff"
            ]
        }
    },
    "data": [
        {
            "dataMap": {
                "BASE": 1.0,
                "COMPARE": 0.0,
                "Metric": "P_ml_indicator1",
                "MetricLabel": "Average Predicted: ml_indicator=1",
                "VLABEL": "",
                "_DATAROLE_": "TEST",
                "_VARIABLE_": "marital_status_single",
                "maxdiff": "0.14122421490156"
            },
            "rowNumber": 1
        },
        {
            "dataMap": {
                "BASE": 0.0,
                "COMPARE": 1.0,
                "Metric": "P_ml_indicator0",
                "MetricLabel": "Average Predicted: ml_indicator=0",
                "VLABEL": "",
                "_DATAROLE_": "TEST",
                "_VARIABLE_": "marital_status_single",
                "maxdiff": "0.14122421490156"
            },
            "rowNumber": 2
        },
        {
            "dataMap": {
                "BASE": 1.0,
                "COMPARE": 0.0,
                "Metric": "TPR",
                "MetricLabel": "True Positive Rate",
                "VLABEL": "",
                "_DATAROLE_": "TEST",
                "_VARIABLE_": "marital_status_single",
                "maxdiff": "0.32"
            },
            "rowNumber": 3
        },
        {
            "dataMap": {
                "BASE": 1.0,
                "COMPARE": 0.0,
                "Metric": "FPR",
                "MetricLabel": "False Positive Rate",
                "VLABEL": "",
                "_DATAROLE_": "TEST",
                "_VARIABLE_": "marital_status_single",
                "maxdiff": "0.04957671447597"
            },
            "rowNumber": 4
        },
        {
            "dataMap": {
                "BASE": 0.0,
                "COMPARE": 1.0,
                "Metric": "TNR",
                "MetricLabel": "True Negative Rate",
                "VLABEL": "",
                "_DATAROLE_": "TEST",
                "_VARIABLE_": "marital_status_single",
                "maxdiff": "0.04957671447597"
            },
            "rowNumber": 5
        },
        {
            "dataMap": {
                "BASE": 0.0,
                "COMPARE": 1.0,
                "Metric": "FNR",
                "MetricLabel": "False Negative Rate",
                "VLABEL": "",
                "_DATAROLE_": "TEST",
                "_VARIABLE_": "marital_status_single",
                "maxdiff": "0.32"
            },
            "rowNumber": 6
        },
        {
            "dataMap": {
                "BASE": 0.0,
                "COMPARE": 1.0,
                "Metric": "FDR",
                "MetricLabel": "False Discovery Rate",
                "VLABEL": "",
                "_DATAROLE_": "TEST",
                "_VARIABLE_": "marital_status_single",
                "maxdiff": "0.0"
            },
            "rowNumber": 7
        },
        {
            "dataMap": {
                "BASE": 0.0,
                "COMPARE": 1.0,
                "Metric": "ACC",
                "MetricLabel": "Accuracy",
                "VLABEL": "",
                "_DATAROLE_": "TEST",
                "_VARIABLE_": "marital_status_single",
                "maxdiff": "0.1061406051874"
            },
            "rowNumber": 8
        },
        {
            "dataMap": {
                "BASE": 1.0,
                "COMPARE": 0.0,
                "Metric": "C",
                "MetricLabel": "Area under ROC",
                "VLABEL": "",
                "_DATAROLE_": "TEST",
                "_VARIABLE_": "marital_status_single",
                "maxdiff": "0.02153361112003"
            },
            "rowNumber": 9
        },
        {
            "dataMap": {
                "BASE": 1.0,
                "COMPARE": 0.0,
                "Metric": "F1",
                "MetricLabel": "F1 Score",
                "VLABEL": "",
                "_DATAROLE_": "TEST",
                "_VARIABLE_": "marital_status_single",
                "maxdiff": "0.27657735522904"
            },
            "rowNumber": 10
        },
        {
            "dataMap": {
                "BASE": 1.0,
                "COMPARE": 0.0,
                "Metric": "GINI",
                "MetricLabel": "Gini Coefficient",
                "VLABEL": "",
                "_DATAROLE_": "TEST",
                "_VARIABLE_": "marital_status_single",
                "maxdiff": "0.04306722224007"
            },
            "rowNumber": 11
        },
        {
            "dataMap": {
                "BASE": 1.0,
                "COMPARE": 0.0,
                "Metric": "MISCEVENT",
                "MetricLabel": "Event Misclassification Rate at Cutoff",
                "VLABEL": "",
                "_DATAROLE_": "TEST",
                "_VARIABLE_": "marital_status_single",
                "maxdiff": "0.1061406051874"
            },
            "rowNumber": 12
        },
        {
            "dataMap": {
                "BASE": 1.0,
                "COMPARE": 0.0,
                "Metric": "MISCEVENTKS",
                "MetricLabel": "Event Misclassification Rate at Maximum KS",
                "VLABEL": "",
                "_DATAROLE_": "TEST",
                "_VARIABLE_": "marital_status_single",
                "maxdiff": "0.08604578292789"
            },
            "rowNumber": 13
        },
        {
            "dataMap": {
                "BASE": 1.0,
                "COMPARE": 0.0,
                "Metric": "MCE",
                "MetricLabel": "Misclassification Rate",
                "VLABEL": "",
                "_DATAROLE_": "TEST",
                "_VARIABLE_": "marital_status_single",
                "maxdiff": "0.1061406051874"
            },
            "rowNumber": 14
        },
        {
            "dataMap": {
                "BASE": 1.0,
                "COMPARE": 0.0,
                "Metric": "ASE",
                "MetricLabel": "Average Squared Error",
                "VLABEL": "",
                "_DATAROLE_": "TEST",
                "_VARIABLE_": "marital_status_single",
                "maxdiff": "0.07156381324466"
            },
            "rowNumber": 15
        },
        {
            "dataMap": {
                "BASE": 1.0,
                "COMPARE": 0.0,
                "Metric": "RASE",
                "MetricLabel": "Root Average Squared Error",
                "VLABEL": "",
                "_DATAROLE_": "TEST",
                "_VARIABLE_": "marital_status_single",
                "maxdiff": "0.176526941401"
            },
            "rowNumber": 16
        },
        {
            "dataMap": {
                "BASE": 1.0,
                "COMPARE": 0.0,
                "Metric": "MCLL",
                "MetricLabel": "Multiclass Log Loss",
                "VLABEL": "",
                "_DATAROLE_": "TEST",
                "_VARIABLE_": "marital_status_single",
                "maxdiff": "0.21836447889654"
            },
            "rowNumber": 17
        },
        {
            "dataMap": {
                "BASE": 0.0,
                "COMPARE": 1.0,
                "Metric": "maxKS",
                "MetricLabel": "Best Kolmogorov-Smirnov along ROC",
                "VLABEL": "",
                "_DATAROLE_": "TEST",
                "_VARIABLE_": "marital_status_single",
                "maxdiff": "0.04922380396399"
            },
            "rowNumber": 18
        },
        {
            "dataMap": {
                "BASE": 1.0,
                "COMPARE": 0.0,
                "Metric": "cutoffKS",
                "MetricLabel": "Kolmogorov-Smirnov at Cutoff",
                "VLABEL": "",
                "_DATAROLE_": "TEST",
                "_VARIABLE_": "marital_status_single",
                "maxdiff": "0.27042328552402"
            },
            "rowNumber": 19
        },
        {
            "dataMap": {
                "BASE": 0.0,
                "COMPARE": 1.0,
                "Metric": "GAIN",
                "MetricLabel": "Gain",
                "VLABEL": "",
                "_DATAROLE_": "TEST",
                "_VARIABLE_": "marital_status_single",
                "maxdiff": "3.9"
            },
            "rowNumber": 20
        },
        {
            "dataMap": {
                "BASE": 1.0,
                "COMPARE": 0.0,
                "Metric": "LIFT",
                "MetricLabel": "Lift",
                "VLABEL": "",
                "_DATAROLE_": "TEST",
                "_VARIABLE_": "marital_status_single",
                "maxdiff": "1.6"
            },
            "rowNumber": 21
        },
        {
            "dataMap": {
                "BASE": 1.0,
                "COMPARE": 0.0,
                "Metric": "RESP",
                "MetricLabel": "%% Captured Response",
                "VLABEL": "",
                "_DATAROLE_": "TEST",
                "_VARIABLE_": "marital_status_single",
                "maxdiff": "8.0"
            },
            "rowNumber": 22
        },
        {
            "dataMap": {
                "BASE": 0.0,
                "COMPARE": 1.0,
                "Metric": "CUMRESP",
                "MetricLabel": "Cumulative %% Captured Response",
                "VLABEL": "",
                "_DATAROLE_": "TEST",
                "_VARIABLE_": "marital_status_single",
                "maxdiff": "39.0"
            },
            "rowNumber": 23
        },
        {
            "dataMap": {
                "BASE": 0.0,
                "COMPARE": 1.0,
                "Metric": "CUMLIFT",
                "MetricLabel": "Cumulative Lift",
                "VLABEL": "",
                "_DATAROLE_": "TEST",
                "_VARIABLE_": "marital_status_single",
                "maxdiff": "3.9"
            },
            "rowNumber": 24
        },
        {
            "dataMap": {
                "BASE": 1.0,
                "COMPARE": 0.0,
                "Metric": "PREDICTED_EVENT",
                "MetricLabel": "Average Prediction for Event",
                "VLABEL": "",
                "_DATAROLE_": "TEST",
                "_VARIABLE_": "marital_status_single",
                "maxdiff": "0.14122421490156"
            },
            "rowNumber": 25
        },
        {
            "dataMap": {
                "BASE": 1.0,
                "COMPARE": 0.0,
                "Metric": "INTO_EVENT",
                "MetricLabel": "Proportion into Event Level",
                "VLABEL": "",
                "_DATAROLE_": "TEST",
                "_VARIABLE_": "marital_status_single",
                "maxdiff": "0.12338900260922"
            },
            "rowNumber": 26
        }
    ],
    "xInteger": false,
    "yInteger": false
}