{
    "name": "dmcas_lift",
    "revision": 0,
    "order": 0,
    "parameterMap": {
        "_NObs_": {
            "parameter": "_NObs_",
            "type": "num",
            "label": "Sum of Frequencies",
            "length": 8,
            "order": 9,
            "values": [
                "_NObs_"
            ],
            "preformatted": false
        },
        "_Depth_": {
            "parameter": "_Depth_",
            "type": "num",
            "label": "Depth",
            "length": 8,
            "order": 7,
            "values": [
                "_Depth_"
            ],
            "preformatted": false
        },
        "_CumRespBest_": {
            "parameter": "_CumRespBest_",
            "type": "num",
            "label": "Best Cumulative Captured Response Percentage",
            "length": 8,
            "order": 17,
            "values": [
                "_CumRespBest_"
            ],
            "preformatted": false
        },
        "_formattedPartition_": {
            "parameter": "_formattedPartition_",
            "type": "char",
            "label": "Formatted Partition",
            "length": 12,
            "order": 4,
            "values": [
                "_formattedPartition_"
            ],
            "preformatted": false
        },
        "_Column_": {
            "parameter": "_Column_",
            "type": "char",
            "label": "Analysis Variable",
            "length": 8,
            "order": 5,
            "values": [
                "_Column_"
            ],
            "preformatted": false
        },
        "_RespBest_": {
            "parameter": "_RespBest_",
            "type": "num",
            "label": "Best Captured Response Percentage",
            "length": 8,
            "order": 13,
            "values": [
                "_RespBest_"
            ],
            "preformatted": false
        },
        "_DataRole_": {
            "parameter": "_DataRole_",
            "type": "char",
            "label": "Data Role",
            "length": 10,
            "order": 2,
            "values": [
                "_DataRole_"
            ],
            "preformatted": false
        },
        "_CumResp_": {
            "parameter": "_CumResp_",
            "type": "num",
            "label": "Cumulative Captured Response Percentage",
            "length": 8,
            "order": 16,
            "values": [
                "_CumResp_"
            ],
            "preformatted": false
        },
        "_PctRespBest_": {
            "parameter": "_PctRespBest_",
            "type": "num",
            "label": "Best Response Percentage",
            "length": 8,
            "order": 21,
            "values": [
                "_PctRespBest_"
            ],
            "preformatted": false
        },
        "_Gain_": {
            "parameter": "_Gain_",
            "type": "num",
            "label": "Gain",
            "length": 8,
            "order": 24,
            "values": [
                "_Gain_"
            ],
            "preformatted": false
        },
        "_CumLift_": {
            "parameter": "_CumLift_",
            "type": "num",
            "label": "Cumulative Lift",
            "length": 8,
            "order": 18,
            "values": [
                "_CumLift_"
            ],
            "preformatted": false
        },
        "_Event_": {
            "parameter": "_Event_",
            "type": "char",
            "label": "Event",
            "length": 12,
            "order": 6,
            "values": [
                "_Event_"
            ],
            "preformatted": false
        },
        "_TargetName_": {
            "parameter": "_TargetName_",
            "type": "char",
            "label": "Target Name",
            "length": 6,
            "order": 1,
            "values": [
                "_TargetName_"
            ],
            "preformatted": false
        },
        "_PctResp_": {
            "parameter": "_PctResp_",
            "type": "num",
            "label": "Response Percentage",
            "length": 8,
            "order": 20,
            "values": [
                "_PctResp_"
            ],
            "preformatted": false
        },
        "_GainBest_": {
            "parameter": "_GainBest_",
            "type": "num",
            "label": "Best Gain",
            "length": 8,
            "order": 25,
            "values": [
                "_GainBest_"
            ],
            "preformatted": false
        },
        "_CumLiftBest_": {
            "parameter": "_CumLiftBest_",
            "type": "num",
            "label": "Best Cumulative Lift",
            "length": 8,
            "order": 19,
            "values": [
                "_CumLiftBest_"
            ],
            "preformatted": false
        },
        "_Lift_": {
            "parameter": "_Lift_",
            "type": "num",
            "label": "Lift",
            "length": 8,
            "order": 14,
            "values": [
                "_Lift_"
            ],
            "preformatted": false
        },
        "_CumPctResp_": {
            "parameter": "_CumPctResp_",
            "type": "num",
            "label": "Cumulative Response Percentage",
            "length": 8,
            "order": 22,
            "values": [
                "_CumPctResp_"
            ],
            "preformatted": false
        },
        "_NEventsBest_": {
            "parameter": "_NEventsBest_",
            "type": "num",
            "label": "Best Number of Events",
            "length": 8,
            "order": 11,
            "values": [
                "_NEventsBest_"
            ],
            "preformatted": false
        },
        "_CumPctRespBest_": {
            "parameter": "_CumPctRespBest_",
            "type": "num",
            "label": "Best Cumulative Response Percentage",
            "length": 8,
            "order": 23,
            "values": [
                "_CumPctRespBest_"
            ],
            "preformatted": false
        },
        "_Value_": {
            "parameter": "_Value_",
            "type": "num",
            "label": "Value",
            "length": 8,
            "order": 8,
            "values": [
                "_Value_"
            ],
            "preformatted": false
        },
        "_NEvents_": {
            "parameter": "_NEvents_",
            "type": "num",
            "label": "Number of Events",
            "length": 8,
            "order": 10,
            "values": [
                "_NEvents_"
            ],
            "preformatted": false
        },
        "_LiftBest_": {
            "parameter": "_LiftBest_",
            "type": "num",
            "label": "Best Lift",
            "length": 8,
            "order": 15,
            "values": [
                "_LiftBest_"
            ],
            "preformatted": false
        },
        "_PartInd_": {
            "parameter": "_PartInd_",
            "type": "num",
            "label": "Partition Indicator",
            "length": 8,
            "order": 3,
            "values": [
                "_PartInd_"
            ],
            "preformatted": false
        },
        "_Resp_": {
            "parameter": "_Resp_",
            "type": "num",
            "label": "Captured Response Percentage",
            "length": 8,
            "order": 12,
            "values": [
                "_Resp_"
            ],
            "preformatted": false
        }
    },
    "data": [
        {
            "dataMap": {
                "_NObs_": "0",
                "_Depth_": "0",
                "_CumRespBest_": "0",
                "_formattedPartition_": "           0",
                "_Column_": "predict",
                "_RespBest_": "0",
                "_DataRole_": "VALIDATE",
                "_CumResp_": "0",
                "_Event_": "1",
                "_TargetName_": "ml_indicator",
                "_NEventsBest_": "0",
                "_Value_": "0",
                "_NEvents_": "0",
                "_PartInd_": "0",
                "_Resp_": "0"
            },
            "rowNumber": 1
        },
        {
            "dataMap": {
                "_NObs_": "215.0",
                "_Depth_": "5.0",
                "_CumRespBest_": "93.073593073593",
                "_formattedPartition_": "           0",
                "_column_": "predict",
                "_RespBest_": "93.073593073593",
                "_DataRole_": "VALIDATE",
                "_CumResp_": "87.012987012987",
                "_PctRespBest_": "100.0",
                "_Gain_": "16.4025974025974",
                "_CumLift_": "17.4025974025974",
                "_Event_": "1",
                "_TargetName_": "ml_indicator",
                "_PctResp_": "93.4883720930232",
                "_GainBest_": "17.6147186147186",
                "_CumLiftBest_": "18.6147186147186",
                "_Lift_": "17.4025974025974",
                "_CumPctResp_": "93.4883720930232",
                "_NEventsBest_": "215.0",
                "_CumPctRespBest_": "100.0",
                "_Value_": "0.46532395",
                "_NEvents_": "201.0",
                "_LiftBest_": "18.6147186147186",
                "_PartInd_": "0",
                "_Resp_": "87.012987012987"
            },
            "rowNumber": 2
        },
        {
            "dataMap": {
                "_NObs_": "215.0",
                "_Depth_": "10.0",
                "_CumRespBest_": "100.0",
                "_formattedPartition_": "           0",
                "_column_": "predict",
                "_RespBest_": "6.92640692640692",
                "_DataRole_": "VALIDATE",
                "_CumResp_": "96.9696969696969",
                "_PctRespBest_": "7.44186046511628",
                "_Gain_": "8.69696969696969",
                "_CumLift_": "9.69696969696969",
                "_Event_": "1",
                "_TargetName_": "ml_indicator",
                "_PctResp_": "10.6976744186046",
                "_GainBest_": "9.0",
                "_CumLiftBest_": "10.0",
                "_Lift_": "1.99134199134199",
                "_CumPctResp_": "52.0930232558139",
                "_NEventsBest_": "16.0",
                "_CumPctRespBest_": "53.7209302325581",
                "_Value_": "0.039975038",
                "_NEvents_": "23.0",
                "_LiftBest_": "1.38528138528138",
                "_PartInd_": "0",
                "_Resp_": "9.95670995670995"
            },
            "rowNumber": 3
        },
        {
            "dataMap": {
                "_NObs_": "215.0",
                "_Depth_": "15.0",
                "_CumRespBest_": "100.0",
                "_formattedPartition_": "           0",
                "_column_": "predict",
                "_RespBest_": "0.0",
                "_DataRole_": "VALIDATE",
                "_CumResp_": "99.1341991341991",
                "_PctRespBest_": "0.0",
                "_Gain_": "5.6089466089466",
                "_CumLift_": "6.60894660894661",
                "_Event_": "1",
                "_TargetName_": "ml_indicator",
                "_PctResp_": "2.32558139534883",
                "_GainBest_": "5.66666666666666",
                "_CumLiftBest_": "6.66666666666666",
                "_Lift_": "0.43290043290043",
                "_CumPctResp_": "35.5038759689922",
                "_NEventsBest_": "0.0",
                "_CumPctRespBest_": "35.813953488372",
                "_Value_": "0.015556003",
                "_NEvents_": "5.0",
                "_LiftBest_": "0.0",
                "_PartInd_": "0",
                "_Resp_": "2.16450216450216"
            },
            "rowNumber": 4
        },
        {
            "dataMap": {
                "_NObs_": "215.0",
                "_Depth_": "20.0",
                "_CumRespBest_": "100.0",
                "_formattedPartition_": "           0",
                "_column_": "predict",
                "_RespBest_": "0.0",
                "_DataRole_": "VALIDATE",
                "_CumResp_": "100.0",
                "_PctRespBest_": "0.0",
                "_Gain_": "4.0",
                "_CumLift_": "5.0",
                "_Event_": "1",
                "_TargetName_": "ml_indicator",
                "_PctResp_": "0.93023255813953",
                "_GainBest_": "4.0",
                "_CumLiftBest_": "5.0",
                "_Lift_": "0.17316017316017",
                "_CumPctResp_": "26.860465116279",
                "_NEventsBest_": "0.0",
                "_CumPctRespBest_": "26.860465116279",
                "_Value_": "0.008730151",
                "_NEvents_": "2.0",
                "_LiftBest_": "0.0",
                "_PartInd_": "0",
                "_Resp_": "0.86580086580086"
            },
            "rowNumber": 5
        },
        {
            "dataMap": {
                "_NObs_": "215.0",
                "_Depth_": "25.0",
                "_CumRespBest_": "100.0",
                "_formattedPartition_": "           0",
                "_column_": "predict",
                "_RespBest_": "0.0",
                "_DataRole_": "VALIDATE",
                "_CumResp_": "100.0",
                "_PctRespBest_": "0.0",
                "_Gain_": "3.0",
                "_CumLift_": "4.0",
                "_Event_": "1",
                "_TargetName_": "ml_indicator",
                "_PctResp_": "0.0",
                "_GainBest_": "3.0",
                "_CumLiftBest_": "4.0",
                "_Lift_": "0.0",
                "_CumPctResp_": "21.4883720930232",
                "_NEventsBest_": "0.0",
                "_CumPctRespBest_": "21.4883720930232",
                "_Value_": "0.00550399435",
                "_NEvents_": "0.0",
                "_LiftBest_": "0.0",
                "_PartInd_": "0",
                "_Resp_": "0.0"
            },
            "rowNumber": 6
        },
        {
            "dataMap": {
                "_NObs_": "215.0",
                "_Depth_": "30.0",
                "_CumRespBest_": "100.0",
                "_formattedPartition_": "           0",
                "_column_": "predict",
                "_RespBest_": "0.0",
                "_DataRole_": "VALIDATE",
                "_CumResp_": "100.0",
                "_PctRespBest_": "0.0",
                "_Gain_": "2.33333333333333",
                "_CumLift_": "3.33333333333333",
                "_Event_": "1",
                "_TargetName_": "ml_indicator",
                "_PctResp_": "0.0",
                "_GainBest_": "2.33333333333333",
                "_CumLiftBest_": "3.33333333333333",
                "_Lift_": "0.0",
                "_CumPctResp_": "17.906976744186",
                "_NEventsBest_": "0.0",
                "_CumPctRespBest_": "17.906976744186",
                "_Value_": "0.0038354813",
                "_NEvents_": "0.0",
                "_LiftBest_": "0.0",
                "_PartInd_": "0",
                "_Resp_": "0.0"
            },
            "rowNumber": 7
        },
        {
            "dataMap": {
                "_NObs_": "215.0",
                "_Depth_": "35.0",
                "_CumRespBest_": "100.0",
                "_formattedPartition_": "           0",
                "_column_": "predict",
                "_RespBest_": "0.0",
                "_DataRole_": "VALIDATE",
                "_CumResp_": "100.0",
                "_PctRespBest_": "0.0",
                "_Gain_": "1.85714285714285",
                "_CumLift_": "2.85714285714285",
                "_Event_": "1",
                "_TargetName_": "ml_indicator",
                "_PctResp_": "0.0",
                "_GainBest_": "1.85714285714285",
                "_CumLiftBest_": "2.85714285714285",
                "_Lift_": "0.0",
                "_CumPctResp_": "15.3488372093023",
                "_NEventsBest_": "0.0",
                "_CumPctRespBest_": "15.3488372093023",
                "_Value_": "0.00270115325",
                "_NEvents_": "0.0",
                "_LiftBest_": "0.0",
                "_PartInd_": "0",
                "_Resp_": "0.0"
            },
            "rowNumber": 8
        },
        {
            "dataMap": {
                "_NObs_": "215.0",
                "_Depth_": "40.0",
                "_CumRespBest_": "100.0",
                "_formattedPartition_": "           0",
                "_column_": "predict",
                "_RespBest_": "0.0",
                "_DataRole_": "VALIDATE",
                "_CumResp_": "100.0",
                "_PctRespBest_": "0.0",
                "_Gain_": "1.5",
                "_CumLift_": "2.5",
                "_Event_": "1",
                "_TargetName_": "ml_indicator",
                "_PctResp_": "0.0",
                "_GainBest_": "1.5",
                "_CumLiftBest_": "2.5",
                "_Lift_": "0.0",
                "_CumPctResp_": "13.4302325581395",
                "_NEventsBest_": "0.0",
                "_CumPctRespBest_": "13.4302325581395",
                "_Value_": "0.00199491855",
                "_NEvents_": "0.0",
                "_LiftBest_": "0.0",
                "_PartInd_": "0",
                "_Resp_": "0.0"
            },
            "rowNumber": 9
        },
        {
            "dataMap": {
                "_NObs_": "215.0",
                "_Depth_": "45.0",
                "_CumRespBest_": "100.0",
                "_formattedPartition_": "           0",
                "_column_": "predict",
                "_RespBest_": "0.0",
                "_DataRole_": "VALIDATE",
                "_CumResp_": "100.0",
                "_PctRespBest_": "0.0",
                "_Gain_": "1.22222222222222",
                "_CumLift_": "2.22222222222222",
                "_Event_": "1",
                "_TargetName_": "ml_indicator",
                "_PctResp_": "0.0",
                "_GainBest_": "1.22222222222222",
                "_CumLiftBest_": "2.22222222222222",
                "_Lift_": "0.0",
                "_CumPctResp_": "11.937984496124",
                "_NEventsBest_": "0.0",
                "_CumPctRespBest_": "11.937984496124",
                "_Value_": "0.00154362375",
                "_NEvents_": "0.0",
                "_LiftBest_": "0.0",
                "_PartInd_": "0",
                "_Resp_": "0.0"
            },
            "rowNumber": 10
        },
        {
            "dataMap": {
                "_NObs_": "215.0",
                "_Depth_": "50.0",
                "_CumRespBest_": "100.0",
                "_formattedPartition_": "           0",
                "_column_": "predict",
                "_RespBest_": "0.0",
                "_DataRole_": "VALIDATE",
                "_CumResp_": "100.0",
                "_PctRespBest_": "0.0",
                "_Gain_": "1.0",
                "_CumLift_": "2.0",
                "_Event_": "1",
                "_TargetName_": "ml_indicator",
                "_PctResp_": "0.0",
                "_GainBest_": "1.0",
                "_CumLiftBest_": "2.0",
                "_Lift_": "0.0",
                "_CumPctResp_": "10.7441860465116",
                "_NEventsBest_": "0.0",
                "_CumPctRespBest_": "10.7441860465116",
                "_Value_": "0.0012556602",
                "_NEvents_": "0.0",
                "_LiftBest_": "0.0",
                "_PartInd_": "0",
                "_Resp_": "0.0"
            },
            "rowNumber": 11
        },
        {
            "dataMap": {
                "_NObs_": "215.0",
                "_Depth_": "55.0",
                "_CumRespBest_": "100.0",
                "_formattedPartition_": "           0",
                "_column_": "predict",
                "_RespBest_": "0.0",
                "_DataRole_": "VALIDATE",
                "_CumResp_": "100.0",
                "_PctRespBest_": "0.0",
                "_Gain_": "0.81818181818181",
                "_CumLift_": "1.81818181818181",
                "_Event_": "1",
                "_TargetName_": "ml_indicator",
                "_PctResp_": "0.0",
                "_GainBest_": "0.81818181818181",
                "_CumLiftBest_": "1.81818181818181",
                "_Lift_": "0.0",
                "_CumPctResp_": "9.76744186046511",
                "_NEventsBest_": "0.0",
                "_CumPctRespBest_": "9.76744186046511",
                "_Value_": "0.0010155924",
                "_NEvents_": "0.0",
                "_LiftBest_": "0.0",
                "_PartInd_": "0",
                "_Resp_": "0.0"
            },
            "rowNumber": 12
        },
        {
            "dataMap": {
                "_NObs_": "215.0",
                "_Depth_": "60.0",
                "_CumRespBest_": "100.0",
                "_formattedPartition_": "           0",
                "_column_": "predict",
                "_RespBest_": "0.0",
                "_DataRole_": "VALIDATE",
                "_CumResp_": "100.0",
                "_PctRespBest_": "0.0",
                "_Gain_": "0.66666666666666",
                "_CumLift_": "1.66666666666666",
                "_Event_": "1",
                "_TargetName_": "ml_indicator",
                "_PctResp_": "0.0",
                "_GainBest_": "0.66666666666666",
                "_CumLiftBest_": "1.66666666666666",
                "_Lift_": "0.0",
                "_CumPctResp_": "8.95348837209302",
                "_NEventsBest_": "0.0",
                "_CumPctRespBest_": "8.95348837209302",
                "_Value_": "0.00080573966",
                "_NEvents_": "0.0",
                "_LiftBest_": "0.0",
                "_PartInd_": "0",
                "_Resp_": "0.0"
            },
            "rowNumber": 13
        },
        {
            "dataMap": {
                "_NObs_": "215.0",
                "_Depth_": "65.0",
                "_CumRespBest_": "100.0",
                "_formattedPartition_": "           0",
                "_column_": "predict",
                "_RespBest_": "0.0",
                "_DataRole_": "VALIDATE",
                "_CumResp_": "100.0",
                "_PctRespBest_": "0.0",
                "_Gain_": "0.53846153846153",
                "_CumLift_": "1.53846153846153",
                "_Event_": "1",
                "_TargetName_": "ml_indicator",
                "_PctResp_": "0.0",
                "_GainBest_": "0.53846153846153",
                "_CumLiftBest_": "1.53846153846153",
                "_Lift_": "0.0",
                "_CumPctResp_": "8.26475849731663",
                "_NEventsBest_": "0.0",
                "_CumPctRespBest_": "8.26475849731663",
                "_Value_": "0.000654260165",
                "_NEvents_": "0.0",
                "_LiftBest_": "0.0",
                "_PartInd_": "0",
                "_Resp_": "0.0"
            },
            "rowNumber": 14
        },
        {
            "dataMap": {
                "_NObs_": "215.0",
                "_Depth_": "70.0",
                "_CumRespBest_": "100.0",
                "_formattedPartition_": "           0",
                "_column_": "predict",
                "_RespBest_": "0.0",
                "_DataRole_": "VALIDATE",
                "_CumResp_": "100.0",
                "_PctRespBest_": "0.0",
                "_Gain_": "0.42857142857142",
                "_CumLift_": "1.42857142857142",
                "_Event_": "1",
                "_TargetName_": "ml_indicator",
                "_PctResp_": "0.0",
                "_GainBest_": "0.42857142857142",
                "_CumLiftBest_": "1.42857142857142",
                "_Lift_": "0.0",
                "_CumPctResp_": "7.67441860465116",
                "_NEventsBest_": "0.0",
                "_CumPctRespBest_": "7.67441860465116",
                "_Value_": "0.000523121075",
                "_NEvents_": "0.0",
                "_LiftBest_": "0.0",
                "_PartInd_": "0",
                "_Resp_": "0.0"
            },
            "rowNumber": 15
        },
        {
            "dataMap": {
                "_NObs_": "215.0",
                "_Depth_": "75.0",
                "_CumRespBest_": "100.0",
                "_formattedPartition_": "           0",
                "_column_": "predict",
                "_RespBest_": "0.0",
                "_DataRole_": "VALIDATE",
                "_CumResp_": "100.0",
                "_PctRespBest_": "0.0",
                "_Gain_": "0.33333333333333",
                "_CumLift_": "1.33333333333333",
                "_Event_": "1",
                "_TargetName_": "ml_indicator",
                "_PctResp_": "0.0",
                "_GainBest_": "0.33333333333333",
                "_CumLiftBest_": "1.33333333333333",
                "_Lift_": "0.0",
                "_CumPctResp_": "7.16279069767442",
                "_NEventsBest_": "0.0",
                "_CumPctRespBest_": "7.16279069767442",
                "_Value_": "0.00043726855",
                "_NEvents_": "0.0",
                "_LiftBest_": "0.0",
                "_PartInd_": "0",
                "_Resp_": "0.0"
            },
            "rowNumber": 16
        },
        {
            "dataMap": {
                "_NObs_": "215.0",
                "_Depth_": "80.0",
                "_CumRespBest_": "100.0",
                "_formattedPartition_": "           0",
                "_column_": "predict",
                "_RespBest_": "0.0",
                "_DataRole_": "VALIDATE",
                "_CumResp_": "100.0",
                "_PctRespBest_": "0.0",
                "_Gain_": "0.24999999999999",
                "_CumLift_": "1.25",
                "_Event_": "1",
                "_TargetName_": "ml_indicator",
                "_PctResp_": "0.0",
                "_GainBest_": "0.24999999999999",
                "_CumLiftBest_": "1.25",
                "_Lift_": "0.0",
                "_CumPctResp_": "6.71511627906976",
                "_NEventsBest_": "0.0",
                "_CumPctRespBest_": "6.71511627906976",
                "_Value_": "0.00034272307",
                "_NEvents_": "0.0",
                "_LiftBest_": "0.0",
                "_PartInd_": "0",
                "_Resp_": "0.0"
            },
            "rowNumber": 17
        },
        {
            "dataMap": {
                "_NObs_": "215.0",
                "_Depth_": "85.0",
                "_CumRespBest_": "100.0",
                "_formattedPartition_": "           0",
                "_column_": "predict",
                "_RespBest_": "0.0",
                "_DataRole_": "VALIDATE",
                "_CumResp_": "100.0",
                "_PctRespBest_": "0.0",
                "_Gain_": "0.17647058823529",
                "_CumLift_": "1.17647058823529",
                "_Event_": "1",
                "_TargetName_": "ml_indicator",
                "_PctResp_": "0.0",
                "_GainBest_": "0.17647058823529",
                "_CumLiftBest_": "1.17647058823529",
                "_Lift_": "0.0",
                "_CumPctResp_": "6.32010943912448",
                "_NEventsBest_": "0.0",
                "_CumPctRespBest_": "6.32010943912448",
                "_Value_": "0.00027295487",
                "_NEvents_": "0.0",
                "_LiftBest_": "0.0",
                "_PartInd_": "0",
                "_Resp_": "0.0"
            },
            "rowNumber": 18
        },
        {
            "dataMap": {
                "_NObs_": "215.0",
                "_Depth_": "90.0",
                "_CumRespBest_": "100.0",
                "_formattedPartition_": "           0",
                "_column_": "predict",
                "_RespBest_": "0.0",
                "_DataRole_": "VALIDATE",
                "_CumResp_": "100.0",
                "_PctRespBest_": "0.0",
                "_Gain_": "0.11111111111111",
                "_CumLift_": "1.11111111111111",
                "_Event_": "1",
                "_TargetName_": "ml_indicator",
                "_PctResp_": "0.0",
                "_GainBest_": "0.11111111111111",
                "_CumLiftBest_": "1.11111111111111",
                "_Lift_": "0.0",
                "_CumPctResp_": "5.96899224806201",
                "_NEventsBest_": "0.0",
                "_CumPctRespBest_": "5.96899224806201",
                "_Value_": "0.000200033255",
                "_NEvents_": "0.0",
                "_LiftBest_": "0.0",
                "_PartInd_": "0",
                "_Resp_": "0.0"
            },
            "rowNumber": 19
        },
        {
            "dataMap": {
                "_NObs_": "215.0",
                "_Depth_": "95.0",
                "_CumRespBest_": "100.0",
                "_formattedPartition_": "           0",
                "_column_": "predict",
                "_RespBest_": "0.0",
                "_DataRole_": "VALIDATE",
                "_CumResp_": "100.0",
                "_PctRespBest_": "0.0",
                "_Gain_": "0.05263157894736",
                "_CumLift_": "1.05263157894736",
                "_Event_": "1",
                "_TargetName_": "ml_indicator",
                "_PctResp_": "0.0",
                "_GainBest_": "0.05263157894736",
                "_CumLiftBest_": "1.05263157894736",
                "_Lift_": "0.0",
                "_CumPctResp_": "5.65483476132191",
                "_NEventsBest_": "0.0",
                "_CumPctRespBest_": "5.65483476132191",
                "_Value_": "0.0001508472",
                "_NEvents_": "0.0",
                "_LiftBest_": "0.0",
                "_PartInd_": "0",
                "_Resp_": "0.0"
            },
            "rowNumber": 20
        },
        {
            "dataMap": {
                "_NObs_": "206.0",
                "_Depth_": "100.0",
                "_CumRespBest_": "100.0",
                "_formattedPartition_": "           0",
                "_column_": "predict",
                "_RespBest_": "0.0",
                "_DataRole_": "VALIDATE",
                "_CumResp_": "100.0",
                "_PctRespBest_": "0.0",
                "_Gain_": "0.0",
                "_CumLift_": "1.0",
                "_Event_": "1",
                "_TargetName_": "ml_indicator",
                "_PctResp_": "0.0",
                "_GainBest_": "0.0",
                "_CumLiftBest_": "1.0",
                "_Lift_": "0.0",
                "_CumPctResp_": "5.38336052202283",
                "_NEventsBest_": "0.0",
                "_CumPctRespBest_": "5.38336052202283",
                "_Value_": "8.5036336e-05",
                "_NEvents_": "0.0",
                "_LiftBest_": "0.0",
                "_PartInd_": "0",
                "_Resp_": "0.0"
            },
            "rowNumber": 21
        },
        {
            "dataMap": {
                "_NObs_": "0",
                "_Depth_": "0",
                "_CumRespBest_": "0",
                "_formattedPartition_": "           1",
                "_column_": "predict",
                "_RespBest_": "0",
                "_DataRole_": "TRAIN",
                "_CumResp_": "0",
                "_Event_": "1",
                "_TargetName_": "ml_indicator",
                "_NEventsBest_": "0",
                "_Value_": "0",
                "_NEvents_": "0",
                "_PartInd_": "1",
                "_Resp_": "0"
            },
            "rowNumber": 22
        },
        {
            "dataMap": {
                "_NObs_": "430.0",
                "_Depth_": "5.0",
                "_CumRespBest_": "100.0",
                "_formattedPartition_": "           1",
                "_column_": "predict",
                "_RespBest_": "100.0",
                "_DataRole_": "TRAIN",
                "_CumResp_": "92.5301204819277",
                "_PctRespBest_": "96.5116279069767",
                "_Gain_": "17.5060240963855",
                "_CumLift_": "18.5060240963855",
                "_Event_": "1",
                "_TargetName_": "ml_indicator",
                "_PctResp_": "89.3023255813953",
                "_GainBest_": "19.0",
                "_CumLiftBest_": "20.0",
                "_Lift_": "18.5060240963855",
                "_CumPctResp_": "89.3023255813953",
                "_NEventsBest_": "415.0",
                "_CumPctRespBest_": "96.5116279069767",
                "_Value_": "0.287343185",
                "_NEvents_": "384.0",
                "_LiftBest_": "20.0",
                "_PartInd_": "1",
                "_Resp_": "92.5301204819277"
            },
            "rowNumber": 23
        },
        {
            "dataMap": {
                "_NObs_": "430.0",
                "_Depth_": "10.0",
                "_CumRespBest_": "100.0",
                "_formattedPartition_": "           1",
                "_column_": "predict",
                "_RespBest_": "0.0",
                "_DataRole_": "TRAIN",
                "_CumResp_": "99.5180722891566",
                "_PctRespBest_": "0.0",
                "_Gain_": "8.95180722891566",
                "_CumLift_": "9.95180722891566",
                "_Event_": "1",
                "_TargetName_": "ml_indicator",
                "_PctResp_": "6.74418604651163",
                "_GainBest_": "9.0",
                "_CumLiftBest_": "10.0",
                "_Lift_": "1.39759036144578",
                "_CumPctResp_": "48.0232558139534",
                "_NEventsBest_": "0.0",
                "_CumPctRespBest_": "48.2558139534883",
                "_Value_": "0.034787228",
                "_NEvents_": "29.0",
                "_LiftBest_": "0.0",
                "_PartInd_": "1",
                "_Resp_": "6.98795180722891"
            },
            "rowNumber": 24
        },
        {
            "dataMap": {
                "_NObs_": "430.0",
                "_Depth_": "15.0",
                "_CumRespBest_": "100.0",
                "_formattedPartition_": "           1",
                "_column_": "predict",
                "_RespBest_": "0.0",
                "_DataRole_": "TRAIN",
                "_CumResp_": "100.0",
                "_PctRespBest_": "0.0",
                "_Gain_": "5.66666666666666",
                "_CumLift_": "6.66666666666666",
                "_Event_": "1",
                "_TargetName_": "ml_indicator",
                "_PctResp_": "0.46511627906976",
                "_GainBest_": "5.66666666666666",
                "_CumLiftBest_": "6.66666666666666",
                "_Lift_": "0.09638554216867",
                "_CumPctResp_": "32.1705426356589",
                "_NEventsBest_": "0.0",
                "_CumPctRespBest_": "32.1705426356589",
                "_Value_": "0.01414155",
                "_NEvents_": "2.0",
                "_LiftBest_": "0.0",
                "_PartInd_": "1",
                "_Resp_": "0.48192771084337"
            },
            "rowNumber": 25
        },
        {
            "dataMap": {
                "_NObs_": "430.0",
                "_Depth_": "20.0",
                "_CumRespBest_": "100.0",
                "_formattedPartition_": "           1",
                "_column_": "predict",
                "_RespBest_": "0.0",
                "_DataRole_": "TRAIN",
                "_CumResp_": "100.0",
                "_PctRespBest_": "0.0",
                "_Gain_": "4.0",
                "_CumLift_": "5.0",
                "_Event_": "1",
                "_TargetName_": "ml_indicator",
                "_PctResp_": "0.0",
                "_GainBest_": "4.0",
                "_CumLiftBest_": "5.0",
                "_Lift_": "0.0",
                "_CumPctResp_": "24.1279069767441",
                "_NEventsBest_": "0.0",
                "_CumPctRespBest_": "24.1279069767441",
                "_Value_": "0.007917718",
                "_NEvents_": "0.0",
                "_LiftBest_": "0.0",
                "_PartInd_": "1",
                "_Resp_": "0.0"
            },
            "rowNumber": 26
        },
        {
            "dataMap": {
                "_NObs_": "430.0",
                "_Depth_": "25.0",
                "_CumRespBest_": "100.0",
                "_formattedPartition_": "           1",
                "_column_": "predict",
                "_RespBest_": "0.0",
                "_DataRole_": "TRAIN",
                "_CumResp_": "100.0",
                "_PctRespBest_": "0.0",
                "_Gain_": "3.0",
                "_CumLift_": "4.0",
                "_Event_": "1",
                "_TargetName_": "ml_indicator",
                "_PctResp_": "0.0",
                "_GainBest_": "3.0",
                "_CumLiftBest_": "4.0",
                "_Lift_": "0.0",
                "_CumPctResp_": "19.3023255813953",
                "_NEventsBest_": "0.0",
                "_CumPctRespBest_": "19.3023255813953",
                "_Value_": "0.0050191988",
                "_NEvents_": "0.0",
                "_LiftBest_": "0.0",
                "_PartInd_": "1",
                "_Resp_": "0.0"
            },
            "rowNumber": 27
        },
        {
            "dataMap": {
                "_NObs_": "430.0",
                "_Depth_": "30.0",
                "_CumRespBest_": "100.0",
                "_formattedPartition_": "           1",
                "_column_": "predict",
                "_RespBest_": "0.0",
                "_DataRole_": "TRAIN",
                "_CumResp_": "100.0",
                "_PctRespBest_": "0.0",
                "_Gain_": "2.33333333333333",
                "_CumLift_": "3.33333333333333",
                "_Event_": "1",
                "_TargetName_": "ml_indicator",
                "_PctResp_": "0.0",
                "_GainBest_": "2.33333333333333",
                "_CumLiftBest_": "3.33333333333333",
                "_Lift_": "0.0",
                "_CumPctResp_": "16.0852713178294",
                "_NEventsBest_": "0.0",
                "_CumPctRespBest_": "16.0852713178294",
                "_Value_": "0.003423961",
                "_NEvents_": "0.0",
                "_LiftBest_": "0.0",
                "_PartInd_": "1",
                "_Resp_": "0.0"
            },
            "rowNumber": 28
        },
        {
            "dataMap": {
                "_NObs_": "430.0",
                "_Depth_": "35.0",
                "_CumRespBest_": "100.0",
                "_formattedPartition_": "           1",
                "_column_": "predict",
                "_RespBest_": "0.0",
                "_DataRole_": "TRAIN",
                "_CumResp_": "100.0",
                "_PctRespBest_": "0.0",
                "_Gain_": "1.85714285714285",
                "_CumLift_": "2.85714285714285",
                "_Event_": "1",
                "_TargetName_": "ml_indicator",
                "_PctResp_": "0.0",
                "_GainBest_": "1.85714285714285",
                "_CumLiftBest_": "2.85714285714285",
                "_Lift_": "0.0",
                "_CumPctResp_": "13.7873754152823",
                "_NEventsBest_": "0.0",
                "_CumPctRespBest_": "13.7873754152823",
                "_Value_": "0.00250952165",
                "_NEvents_": "0.0",
                "_LiftBest_": "0.0",
                "_PartInd_": "1",
                "_Resp_": "0.0"
            },
            "rowNumber": 29
        },
        {
            "dataMap": {
                "_NObs_": "430.0",
                "_Depth_": "40.0",
                "_CumRespBest_": "100.0",
                "_formattedPartition_": "           1",
                "_column_": "predict",
                "_RespBest_": "0.0",
                "_DataRole_": "TRAIN",
                "_CumResp_": "100.0",
                "_PctRespBest_": "0.0",
                "_Gain_": "1.5",
                "_CumLift_": "2.5",
                "_Event_": "1",
                "_TargetName_": "ml_indicator",
                "_PctResp_": "0.0",
                "_GainBest_": "1.5",
                "_CumLiftBest_": "2.5",
                "_Lift_": "0.0",
                "_CumPctResp_": "12.063953488372",
                "_NEventsBest_": "0.0",
                "_CumPctRespBest_": "12.063953488372",
                "_Value_": "0.00192534645",
                "_NEvents_": "0.0",
                "_LiftBest_": "0.0",
                "_PartInd_": "1",
                "_Resp_": "0.0"
            },
            "rowNumber": 30
        },
        {
            "dataMap": {
                "_NObs_": "430.0",
                "_Depth_": "45.0",
                "_CumRespBest_": "100.0",
                "_formattedPartition_": "           1",
                "_column_": "predict",
                "_RespBest_": "0.0",
                "_DataRole_": "TRAIN",
                "_CumResp_": "100.0",
                "_PctRespBest_": "0.0",
                "_Gain_": "1.22222222222222",
                "_CumLift_": "2.22222222222222",
                "_Event_": "1",
                "_TargetName_": "ml_indicator",
                "_PctResp_": "0.0",
                "_GainBest_": "1.22222222222222",
                "_CumLiftBest_": "2.22222222222222",
                "_Lift_": "0.0",
                "_CumPctResp_": "10.7235142118863",
                "_NEventsBest_": "0.0",
                "_CumPctRespBest_": "10.7235142118863",
                "_Value_": "0.00152799045",
                "_NEvents_": "0.0",
                "_LiftBest_": "0.0",
                "_PartInd_": "1",
                "_Resp_": "0.0"
            },
            "rowNumber": 31
        },
        {
            "dataMap": {
                "_NObs_": "430.0",
                "_Depth_": "50.0",
                "_CumRespBest_": "100.0",
                "_formattedPartition_": "           1",
                "_column_": "predict",
                "_RespBest_": "0.0",
                "_DataRole_": "TRAIN",
                "_CumResp_": "100.0",
                "_PctRespBest_": "0.0",
                "_Gain_": "1.0",
                "_CumLift_": "2.0",
                "_Event_": "1",
                "_TargetName_": "ml_indicator",
                "_PctResp_": "0.0",
                "_GainBest_": "1.0",
                "_CumLiftBest_": "2.0",
                "_Lift_": "0.0",
                "_CumPctResp_": "9.65116279069767",
                "_NEventsBest_": "0.0",
                "_CumPctRespBest_": "9.65116279069767",
                "_Value_": "0.00121885785",
                "_NEvents_": "0.0",
                "_LiftBest_": "0.0",
                "_PartInd_": "1",
                "_Resp_": "0.0"
            },
            "rowNumber": 32
        },
        {
            "dataMap": {
                "_NObs_": "430.0",
                "_Depth_": "55.0",
                "_CumRespBest_": "100.0",
                "_formattedPartition_": "           1",
                "_column_": "predict",
                "_RespBest_": "0.0",
                "_DataRole_": "TRAIN",
                "_CumResp_": "100.0",
                "_PctRespBest_": "0.0",
                "_Gain_": "0.81818181818181",
                "_CumLift_": "1.81818181818181",
                "_Event_": "1",
                "_TargetName_": "ml_indicator",
                "_PctResp_": "0.0",
                "_GainBest_": "0.81818181818181",
                "_CumLiftBest_": "1.81818181818181",
                "_Lift_": "0.0",
                "_CumPctResp_": "8.7737843551797",
                "_NEventsBest_": "0.0",
                "_CumPctRespBest_": "8.7737843551797",
                "_Value_": "0.00097076108",
                "_NEvents_": "0.0",
                "_LiftBest_": "0.0",
                "_PartInd_": "1",
                "_Resp_": "0.0"
            },
            "rowNumber": 33
        },
        {
            "dataMap": {
                "_NObs_": "430.0",
                "_Depth_": "60.0",
                "_CumRespBest_": "100.0",
                "_formattedPartition_": "           1",
                "_column_": "predict",
                "_RespBest_": "0.0",
                "_DataRole_": "TRAIN",
                "_CumResp_": "100.0",
                "_PctRespBest_": "0.0",
                "_Gain_": "0.66666666666666",
                "_CumLift_": "1.66666666666666",
                "_Event_": "1",
                "_TargetName_": "ml_indicator",
                "_PctResp_": "0.0",
                "_GainBest_": "0.66666666666666",
                "_CumLiftBest_": "1.66666666666666",
                "_Lift_": "0.0",
                "_CumPctResp_": "8.04263565891473",
                "_NEventsBest_": "0.0",
                "_CumPctRespBest_": "8.04263565891473",
                "_Value_": "0.0007875005",
                "_NEvents_": "0.0",
                "_LiftBest_": "0.0",
                "_PartInd_": "1",
                "_Resp_": "0.0"
            },
            "rowNumber": 34
        },
        {
            "dataMap": {
                "_NObs_": "430.0",
                "_Depth_": "65.0",
                "_CumRespBest_": "100.0",
                "_formattedPartition_": "           1",
                "_column_": "predict",
                "_RespBest_": "0.0",
                "_DataRole_": "TRAIN",
                "_CumResp_": "100.0",
                "_PctRespBest_": "0.0",
                "_Gain_": "0.53846153846153",
                "_CumLift_": "1.53846153846153",
                "_Event_": "1",
                "_TargetName_": "ml_indicator",
                "_PctResp_": "0.0",
                "_GainBest_": "0.53846153846153",
                "_CumLiftBest_": "1.53846153846153",
                "_Lift_": "0.0",
                "_CumPctResp_": "7.42397137745975",
                "_NEventsBest_": "0.0",
                "_CumPctRespBest_": "7.42397137745975",
                "_Value_": "0.00064543117",
                "_NEvents_": "0.0",
                "_LiftBest_": "0.0",
                "_PartInd_": "1",
                "_Resp_": "0.0"
            },
            "rowNumber": 35
        },
        {
            "dataMap": {
                "_NObs_": "430.0",
                "_Depth_": "70.0",
                "_CumRespBest_": "100.0",
                "_formattedPartition_": "           1",
                "_column_": "predict",
                "_RespBest_": "0.0",
                "_DataRole_": "TRAIN",
                "_CumResp_": "100.0",
                "_PctRespBest_": "0.0",
                "_Gain_": "0.42857142857142",
                "_CumLift_": "1.42857142857142",
                "_Event_": "1",
                "_TargetName_": "ml_indicator",
                "_PctResp_": "0.0",
                "_GainBest_": "0.42857142857142",
                "_CumLiftBest_": "1.42857142857142",
                "_Lift_": "0.0",
                "_CumPctResp_": "6.89368770764119",
                "_NEventsBest_": "0.0",
                "_CumPctRespBest_": "6.89368770764119",
                "_Value_": "0.00051909365",
                "_NEvents_": "0.0",
                "_LiftBest_": "0.0",
                "_PartInd_": "1",
                "_Resp_": "0.0"
            },
            "rowNumber": 36
        },
        {
            "dataMap": {
                "_NObs_": "430.0",
                "_Depth_": "75.0",
                "_CumRespBest_": "100.0",
                "_formattedPartition_": "           1",
                "_column_": "predict",
                "_RespBest_": "0.0",
                "_DataRole_": "TRAIN",
                "_CumResp_": "100.0",
                "_PctRespBest_": "0.0",
                "_Gain_": "0.33333333333333",
                "_CumLift_": "1.33333333333333",
                "_Event_": "1",
                "_TargetName_": "ml_indicator",
                "_PctResp_": "0.0",
                "_GainBest_": "0.33333333333333",
                "_CumLiftBest_": "1.33333333333333",
                "_Lift_": "0.0",
                "_CumPctResp_": "6.43410852713178",
                "_NEventsBest_": "0.0",
                "_CumPctRespBest_": "6.43410852713178",
                "_Value_": "0.00042498942",
                "_NEvents_": "0.0",
                "_LiftBest_": "0.0",
                "_PartInd_": "1",
                "_Resp_": "0.0"
            },
            "rowNumber": 37
        },
        {
            "dataMap": {
                "_NObs_": "430.0",
                "_Depth_": "80.0",
                "_CumRespBest_": "100.0",
                "_formattedPartition_": "           1",
                "_column_": "predict",
                "_RespBest_": "0.0",
                "_DataRole_": "TRAIN",
                "_CumResp_": "100.0",
                "_PctRespBest_": "0.0",
                "_Gain_": "0.25",
                "_CumLift_": "1.25",
                "_Event_": "1",
                "_TargetName_": "ml_indicator",
                "_PctResp_": "0.0",
                "_GainBest_": "0.25",
                "_CumLiftBest_": "1.25",
                "_Lift_": "0.0",
                "_CumPctResp_": "6.03197674418604",
                "_NEventsBest_": "0.0",
                "_CumPctRespBest_": "6.03197674418604",
                "_Value_": "0.00033799376",
                "_NEvents_": "0.0",
                "_LiftBest_": "0.0",
                "_PartInd_": "1",
                "_Resp_": "0.0"
            },
            "rowNumber": 38
        },
        {
            "dataMap": {
                "_NObs_": "430.0",
                "_Depth_": "85.0",
                "_CumRespBest_": "100.0",
                "_formattedPartition_": "           1",
                "_column_": "predict",
                "_RespBest_": "0.0",
                "_DataRole_": "TRAIN",
                "_CumResp_": "100.0",
                "_PctRespBest_": "0.0",
                "_Gain_": "0.17647058823529",
                "_CumLift_": "1.17647058823529",
                "_Event_": "1",
                "_TargetName_": "ml_indicator",
                "_PctResp_": "0.0",
                "_GainBest_": "0.17647058823529",
                "_CumLiftBest_": "1.17647058823529",
                "_Lift_": "0.0",
                "_CumPctResp_": "5.67715458276333",
                "_NEventsBest_": "0.0",
                "_CumPctRespBest_": "5.67715458276333",
                "_Value_": "0.00026074346",
                "_NEvents_": "0.0",
                "_LiftBest_": "0.0",
                "_PartInd_": "1",
                "_Resp_": "0.0"
            },
            "rowNumber": 39
        },
        {
            "dataMap": {
                "_NObs_": "430.0",
                "_Depth_": "90.0",
                "_CumRespBest_": "100.0",
                "_formattedPartition_": "           1",
                "_column_": "predict",
                "_RespBest_": "0.0",
                "_DataRole_": "TRAIN",
                "_CumResp_": "100.0",
                "_PctRespBest_": "0.0",
                "_Gain_": "0.11111111111111",
                "_CumLift_": "1.11111111111111",
                "_Event_": "1",
                "_TargetName_": "ml_indicator",
                "_PctResp_": "0.0",
                "_GainBest_": "0.11111111111111",
                "_CumLiftBest_": "1.11111111111111",
                "_Lift_": "0.0",
                "_CumPctResp_": "5.36175710594315",
                "_NEventsBest_": "0.0",
                "_CumPctRespBest_": "5.36175710594315",
                "_Value_": "0.00019890908",
                "_NEvents_": "0.0",
                "_LiftBest_": "0.0",
                "_PartInd_": "1",
                "_Resp_": "0.0"
            },
            "rowNumber": 40
        },
        {
            "dataMap": {
                "_NObs_": "430.0",
                "_Depth_": "95.0",
                "_CumRespBest_": "100.0",
                "_formattedPartition_": "           1",
                "_column_": "predict",
                "_RespBest_": "0.0",
                "_DataRole_": "TRAIN",
                "_CumResp_": "100.0",
                "_PctRespBest_": "0.0",
                "_Gain_": "0.05263157894736",
                "_CumLift_": "1.05263157894736",
                "_Event_": "1",
                "_TargetName_": "ml_indicator",
                "_PctResp_": "0.0",
                "_GainBest_": "0.05263157894736",
                "_CumLiftBest_": "1.05263157894736",
                "_Lift_": "0.0",
                "_CumPctResp_": "5.07955936352509",
                "_NEventsBest_": "0.0",
                "_CumPctRespBest_": "5.07955936352509",
                "_Value_": "0.00015534871",
                "_NEvents_": "0.0",
                "_LiftBest_": "0.0",
                "_PartInd_": "1",
                "_Resp_": "0.0"
            },
            "rowNumber": 41
        },
        {
            "dataMap": {
                "_NObs_": "411.0",
                "_Depth_": "100.0",
                "_CumRespBest_": "100.0",
                "_formattedPartition_": "           1",
                "_column_": "predict",
                "_RespBest_": "0.0",
                "_DataRole_": "TRAIN",
                "_CumResp_": "100.0",
                "_PctRespBest_": "0.0",
                "_Gain_": "0.0",
                "_CumLift_": "1.0",
                "_Event_": "1",
                "_TargetName_": "ml_indicator",
                "_PctResp_": "0.0",
                "_GainBest_": "0.0",
                "_CumLiftBest_": "1.0",
                "_Lift_": "0.0",
                "_CumPctResp_": "4.83626616944412",
                "_NEventsBest_": "0.0",
                "_CumPctRespBest_": "4.83626616944412",
                "_Value_": "8.5036336e-05",
                "_NEvents_": "0.0",
                "_LiftBest_": "0.0",
                "_PartInd_": "1",
                "_Resp_": "0.0"
            },
            "rowNumber": 42
        },
        {
            "dataMap": {
                "_NObs_": "0",
                "_Depth_": "0",
                "_CumRespBest_": "0",
                "_formattedPartition_": "           2",
                "_column_": "predict",
                "_RespBest_": "0",
                "_DataRole_": "TEST",
                "_CumResp_": "0",
                "_Event_": "1",
                "_TargetName_": "ml_indicator",
                "_NEventsBest_": "0",
                "_Value_": "0",
                "_NEvents_": "0",
                "_PartInd_": "2",
                "_Resp_": "0"
            },
            "rowNumber": 43
        },
        {
            "dataMap": {
                "_NObs_": "72.0",
                "_Depth_": "5.0",
                "_CumRespBest_": "100.0",
                "_formattedPartition_": "           2",
                "_column_": "predict",
                "_RespBest_": "100.0",
                "_DataRole_": "TEST",
                "_CumResp_": "88.5714285714285",
                "_PctRespBest_": "97.2222222222222",
                "_Gain_": "16.7142857142857",
                "_CumLift_": "17.7142857142857",
                "_Event_": "1",
                "_TargetName_": "ml_indicator",
                "_PctResp_": "86.1111111111111",
                "_GainBest_": "19.0",
                "_CumLiftBest_": "20.0",
                "_Lift_": "17.7142857142857",
                "_CumPctResp_": "86.1111111111111",
                "_NEventsBest_": "70.0",
                "_CumPctRespBest_": "97.2222222222222",
                "_Value_": "0.331965565",
                "_NEvents_": "62.0",
                "_LiftBest_": "20.0",
                "_PartInd_": "2",
                "_Resp_": "88.5714285714285"
            },
            "rowNumber": 44
        },
        {
            "dataMap": {
                "_NObs_": "72.0",
                "_Depth_": "10.0",
                "_CumRespBest_": "100.0",
                "_formattedPartition_": "           2",
                "_column_": "predict",
                "_RespBest_": "0.0",
                "_DataRole_": "TEST",
                "_CumResp_": "97.1428571428571",
                "_PctRespBest_": "0.0",
                "_Gain_": "8.71428571428571",
                "_CumLift_": "9.71428571428571",
                "_Event_": "1",
                "_TargetName_": "ml_indicator",
                "_PctResp_": "8.33333333333333",
                "_GainBest_": "9.0",
                "_CumLiftBest_": "10.0",
                "_Lift_": "1.71428571428571",
                "_CumPctResp_": "47.2222222222222",
                "_NEventsBest_": "0.0",
                "_CumPctRespBest_": "48.6111111111111",
                "_Value_": "0.041289771",
                "_NEvents_": "6.0",
                "_LiftBest_": "0.0",
                "_PartInd_": "2",
                "_Resp_": "8.57142857142857"
            },
            "rowNumber": 45
        },
        {
            "dataMap": {
                "_NObs_": "72.0",
                "_Depth_": "15.0",
                "_CumRespBest_": "100.0",
                "_formattedPartition_": "           2",
                "_column_": "predict",
                "_RespBest_": "0.0",
                "_DataRole_": "TEST",
                "_CumResp_": "97.1428571428571",
                "_PctRespBest_": "0.0",
                "_Gain_": "5.47619047619047",
                "_CumLift_": "6.47619047619047",
                "_Event_": "1",
                "_TargetName_": "ml_indicator",
                "_PctResp_": "0.0",
                "_GainBest_": "5.66666666666666",
                "_CumLiftBest_": "6.66666666666666",
                "_Lift_": "0.0",
                "_CumPctResp_": "31.4814814814814",
                "_NEventsBest_": "0.0",
                "_CumPctRespBest_": "32.4074074074074",
                "_Value_": "0.0148570935",
                "_NEvents_": "0.0",
                "_LiftBest_": "0.0",
                "_PartInd_": "2",
                "_Resp_": "0.0"
            },
            "rowNumber": 46
        },
        {
            "dataMap": {
                "_NObs_": "72.0",
                "_Depth_": "20.0",
                "_CumRespBest_": "100.0",
                "_formattedPartition_": "           2",
                "_column_": "predict",
                "_RespBest_": "0.0",
                "_DataRole_": "TEST",
                "_CumResp_": "97.1428571428571",
                "_PctRespBest_": "0.0",
                "_Gain_": "3.85714285714285",
                "_CumLift_": "4.85714285714285",
                "_Event_": "1",
                "_TargetName_": "ml_indicator",
                "_PctResp_": "0.0",
                "_GainBest_": "4.0",
                "_CumLiftBest_": "5.0",
                "_Lift_": "0.0",
                "_CumPctResp_": "23.6111111111111",
                "_NEventsBest_": "0.0",
                "_CumPctRespBest_": "24.3055555555555",
                "_Value_": "0.00817460375",
                "_NEvents_": "0.0",
                "_LiftBest_": "0.0",
                "_PartInd_": "2",
                "_Resp_": "0.0"
            },
            "rowNumber": 47
        },
        {
            "dataMap": {
                "_NObs_": "72.0",
                "_Depth_": "25.0",
                "_CumRespBest_": "100.0",
                "_formattedPartition_": "           2",
                "_column_": "predict",
                "_RespBest_": "0.0",
                "_DataRole_": "TEST",
                "_CumResp_": "97.1428571428571",
                "_PctRespBest_": "0.0",
                "_Gain_": "2.88571428571428",
                "_CumLift_": "3.88571428571428",
                "_Event_": "1",
                "_TargetName_": "ml_indicator",
                "_PctResp_": "0.0",
                "_GainBest_": "3.0",
                "_CumLiftBest_": "4.0",
                "_Lift_": "0.0",
                "_CumPctResp_": "18.8888888888888",
                "_NEventsBest_": "0.0",
                "_CumPctRespBest_": "19.4444444444444",
                "_Value_": "0.00511969215",
                "_NEvents_": "0.0",
                "_LiftBest_": "0.0",
                "_PartInd_": "2",
                "_Resp_": "0.0"
            },
            "rowNumber": 48
        },
        {
            "dataMap": {
                "_NObs_": "72.0",
                "_Depth_": "30.0",
                "_CumRespBest_": "100.0",
                "_formattedPartition_": "           2",
                "_column_": "predict",
                "_RespBest_": "0.0",
                "_DataRole_": "TEST",
                "_CumResp_": "100.0",
                "_PctRespBest_": "0.0",
                "_Gain_": "2.33333333333333",
                "_CumLift_": "3.33333333333333",
                "_Event_": "1",
                "_TargetName_": "ml_indicator",
                "_PctResp_": "2.77777777777777",
                "_GainBest_": "2.33333333333333",
                "_CumLiftBest_": "3.33333333333333",
                "_Lift_": "0.57142857142857",
                "_CumPctResp_": "16.2037037037037",
                "_NEventsBest_": "0.0",
                "_CumPctRespBest_": "16.2037037037037",
                "_Value_": "0.00360096665",
                "_NEvents_": "2.0",
                "_LiftBest_": "0.0",
                "_PartInd_": "2",
                "_Resp_": "2.85714285714285"
            },
            "rowNumber": 49
        },
        {
            "dataMap": {
                "_NObs_": "72.0",
                "_Depth_": "35.0",
                "_CumRespBest_": "100.0",
                "_formattedPartition_": "           2",
                "_column_": "predict",
                "_RespBest_": "0.0",
                "_DataRole_": "TEST",
                "_CumResp_": "100.0",
                "_PctRespBest_": "0.0",
                "_Gain_": "1.85714285714285",
                "_CumLift_": "2.85714285714285",
                "_Event_": "1",
                "_TargetName_": "ml_indicator",
                "_PctResp_": "0.0",
                "_GainBest_": "1.85714285714285",
                "_CumLiftBest_": "2.85714285714285",
                "_Lift_": "0.0",
                "_CumPctResp_": "13.8888888888888",
                "_NEventsBest_": "0.0",
                "_CumPctRespBest_": "13.8888888888888",
                "_Value_": "0.002684123",
                "_NEvents_": "0.0",
                "_LiftBest_": "0.0",
                "_PartInd_": "2",
                "_Resp_": "0.0"
            },
            "rowNumber": 50
        },
        {
            "dataMap": {
                "_NObs_": "72.0",
                "_Depth_": "40.0",
                "_CumRespBest_": "100.0",
                "_formattedPartition_": "           2",
                "_column_": "predict",
                "_RespBest_": "0.0",
                "_DataRole_": "TEST",
                "_CumResp_": "100.0",
                "_PctRespBest_": "0.0",
                "_Gain_": "1.49999999999999",
                "_CumLift_": "2.5",
                "_Event_": "1",
                "_TargetName_": "ml_indicator",
                "_PctResp_": "0.0",
                "_GainBest_": "1.49999999999999",
                "_CumLiftBest_": "2.5",
                "_Lift_": "0.0",
                "_CumPctResp_": "12.1527777777777",
                "_NEventsBest_": "0.0",
                "_CumPctRespBest_": "12.1527777777777",
                "_Value_": "0.00208280105",
                "_NEvents_": "0.0",
                "_LiftBest_": "0.0",
                "_PartInd_": "2",
                "_Resp_": "0.0"
            },
            "rowNumber": 51
        },
        {
            "dataMap": {
                "_NObs_": "72.0",
                "_Depth_": "45.0",
                "_CumRespBest_": "100.0",
                "_formattedPartition_": "           2",
                "_column_": "predict",
                "_RespBest_": "0.0",
                "_DataRole_": "TEST",
                "_CumResp_": "100.0",
                "_PctRespBest_": "0.0",
                "_Gain_": "1.22222222222222",
                "_CumLift_": "2.22222222222222",
                "_Event_": "1",
                "_TargetName_": "ml_indicator",
                "_PctResp_": "0.0",
                "_GainBest_": "1.22222222222222",
                "_CumLiftBest_": "2.22222222222222",
                "_Lift_": "0.0",
                "_CumPctResp_": "10.8024691358024",
                "_NEventsBest_": "0.0",
                "_CumPctRespBest_": "10.8024691358024",
                "_Value_": "0.00165781025",
                "_NEvents_": "0.0",
                "_LiftBest_": "0.0",
                "_PartInd_": "2",
                "_Resp_": "0.0"
            },
            "rowNumber": 52
        },
        {
            "dataMap": {
                "_NObs_": "72.0",
                "_Depth_": "50.0",
                "_CumRespBest_": "100.0",
                "_formattedPartition_": "           2",
                "_column_": "predict",
                "_RespBest_": "0.0",
                "_DataRole_": "TEST",
                "_CumResp_": "100.0",
                "_PctRespBest_": "0.0",
                "_Gain_": "1.0",
                "_CumLift_": "2.0",
                "_Event_": "1",
                "_TargetName_": "ml_indicator",
                "_PctResp_": "0.0",
                "_GainBest_": "1.0",
                "_CumLiftBest_": "2.0",
                "_Lift_": "0.0",
                "_CumPctResp_": "9.72222222222222",
                "_NEventsBest_": "0.0",
                "_CumPctRespBest_": "9.72222222222222",
                "_Value_": "0.0012675935",
                "_NEvents_": "0.0",
                "_LiftBest_": "0.0",
                "_PartInd_": "2",
                "_Resp_": "0.0"
            },
            "rowNumber": 53
        },
        {
            "dataMap": {
                "_NObs_": "72.0",
                "_Depth_": "55.0",
                "_CumRespBest_": "100.0",
                "_formattedPartition_": "           2",
                "_column_": "predict",
                "_RespBest_": "0.0",
                "_DataRole_": "TEST",
                "_CumResp_": "100.0",
                "_PctRespBest_": "0.0",
                "_Gain_": "0.81818181818181",
                "_CumLift_": "1.81818181818181",
                "_Event_": "1",
                "_TargetName_": "ml_indicator",
                "_PctResp_": "0.0",
                "_GainBest_": "0.81818181818181",
                "_CumLiftBest_": "1.81818181818181",
                "_Lift_": "0.0",
                "_CumPctResp_": "8.83838383838384",
                "_NEventsBest_": "0.0",
                "_CumPctRespBest_": "8.83838383838384",
                "_Value_": "0.00099836065",
                "_NEvents_": "0.0",
                "_LiftBest_": "0.0",
                "_PartInd_": "2",
                "_Resp_": "0.0"
            },
            "rowNumber": 54
        },
        {
            "dataMap": {
                "_NObs_": "72.0",
                "_Depth_": "60.0",
                "_CumRespBest_": "100.0",
                "_formattedPartition_": "           2",
                "_column_": "predict",
                "_RespBest_": "0.0",
                "_DataRole_": "TEST",
                "_CumResp_": "100.0",
                "_PctRespBest_": "0.0",
                "_Gain_": "0.66666666666666",
                "_CumLift_": "1.66666666666666",
                "_Event_": "1",
                "_TargetName_": "ml_indicator",
                "_PctResp_": "0.0",
                "_GainBest_": "0.66666666666666",
                "_CumLiftBest_": "1.66666666666666",
                "_Lift_": "0.0",
                "_CumPctResp_": "8.10185185185185",
                "_NEventsBest_": "0.0",
                "_CumPctRespBest_": "8.10185185185185",
                "_Value_": "0.000781609095",
                "_NEvents_": "0.0",
                "_LiftBest_": "0.0",
                "_PartInd_": "2",
                "_Resp_": "0.0"
            },
            "rowNumber": 55
        },
        {
            "dataMap": {
                "_NObs_": "72.0",
                "_Depth_": "65.0",
                "_CumRespBest_": "100.0",
                "_formattedPartition_": "           2",
                "_column_": "predict",
                "_RespBest_": "0.0",
                "_DataRole_": "TEST",
                "_CumResp_": "100.0",
                "_PctRespBest_": "0.0",
                "_Gain_": "0.53846153846153",
                "_CumLift_": "1.53846153846153",
                "_Event_": "1",
                "_TargetName_": "ml_indicator",
                "_PctResp_": "0.0",
                "_GainBest_": "0.53846153846153",
                "_CumLiftBest_": "1.53846153846153",
                "_Lift_": "0.0",
                "_CumPctResp_": "7.47863247863248",
                "_NEventsBest_": "0.0",
                "_CumPctRespBest_": "7.47863247863248",
                "_Value_": "0.0006378058",
                "_NEvents_": "0.0",
                "_LiftBest_": "0.0",
                "_PartInd_": "2",
                "_Resp_": "0.0"
            },
            "rowNumber": 56
        },
        {
            "dataMap": {
                "_NObs_": "72.0",
                "_Depth_": "70.0",
                "_CumRespBest_": "100.0",
                "_formattedPartition_": "           2",
                "_column_": "predict",
                "_RespBest_": "0.0",
                "_DataRole_": "TEST",
                "_CumResp_": "100.0",
                "_PctRespBest_": "0.0",
                "_Gain_": "0.42857142857142",
                "_CumLift_": "1.42857142857142",
                "_Event_": "1",
                "_TargetName_": "ml_indicator",
                "_PctResp_": "0.0",
                "_GainBest_": "0.42857142857142",
                "_CumLiftBest_": "1.42857142857142",
                "_Lift_": "0.0",
                "_CumPctResp_": "6.94444444444444",
                "_NEventsBest_": "0.0",
                "_CumPctRespBest_": "6.94444444444444",
                "_Value_": "0.000511686",
                "_NEvents_": "0.0",
                "_LiftBest_": "0.0",
                "_PartInd_": "2",
                "_Resp_": "0.0"
            },
            "rowNumber": 57
        },
        {
            "dataMap": {
                "_NObs_": "72.0",
                "_Depth_": "75.0",
                "_CumRespBest_": "100.0",
                "_formattedPartition_": "           2",
                "_column_": "predict",
                "_RespBest_": "0.0",
                "_DataRole_": "TEST",
                "_CumResp_": "100.0",
                "_PctRespBest_": "0.0",
                "_Gain_": "0.33333333333333",
                "_CumLift_": "1.33333333333333",
                "_Event_": "1",
                "_TargetName_": "ml_indicator",
                "_PctResp_": "0.0",
                "_GainBest_": "0.33333333333333",
                "_CumLiftBest_": "1.33333333333333",
                "_Lift_": "0.0",
                "_CumPctResp_": "6.48148148148148",
                "_NEventsBest_": "0.0",
                "_CumPctRespBest_": "6.48148148148148",
                "_Value_": "0.00041964806",
                "_NEvents_": "0.0",
                "_LiftBest_": "0.0",
                "_PartInd_": "2",
                "_Resp_": "0.0"
            },
            "rowNumber": 58
        },
        {
            "dataMap": {
                "_NObs_": "72.0",
                "_Depth_": "80.0",
                "_CumRespBest_": "100.0",
                "_formattedPartition_": "           2",
                "_column_": "predict",
                "_RespBest_": "0.0",
                "_DataRole_": "TEST",
                "_CumResp_": "100.0",
                "_PctRespBest_": "0.0",
                "_Gain_": "0.24999999999999",
                "_CumLift_": "1.25",
                "_Event_": "1",
                "_TargetName_": "ml_indicator",
                "_PctResp_": "0.0",
                "_GainBest_": "0.24999999999999",
                "_CumLiftBest_": "1.25",
                "_Lift_": "0.0",
                "_CumPctResp_": "6.07638888888889",
                "_NEventsBest_": "0.0",
                "_CumPctRespBest_": "6.07638888888889",
                "_Value_": "0.000322415245",
                "_NEvents_": "0.0",
                "_LiftBest_": "0.0",
                "_PartInd_": "2",
                "_Resp_": "0.0"
            },
            "rowNumber": 59
        },
        {
            "dataMap": {
                "_NObs_": "72.0",
                "_Depth_": "85.0",
                "_CumRespBest_": "100.0",
                "_formattedPartition_": "           2",
                "_column_": "predict",
                "_RespBest_": "0.0",
                "_DataRole_": "TEST",
                "_CumResp_": "100.0",
                "_PctRespBest_": "0.0",
                "_Gain_": "0.17647058823529",
                "_CumLift_": "1.17647058823529",
                "_Event_": "1",
                "_TargetName_": "ml_indicator",
                "_PctResp_": "0.0",
                "_GainBest_": "0.17647058823529",
                "_CumLiftBest_": "1.17647058823529",
                "_Lift_": "0.0",
                "_CumPctResp_": "5.71895424836601",
                "_NEventsBest_": "0.0",
                "_CumPctRespBest_": "5.71895424836601",
                "_Value_": "0.00025383456",
                "_NEvents_": "0.0",
                "_LiftBest_": "0.0",
                "_PartInd_": "2",
                "_Resp_": "0.0"
            },
            "rowNumber": 60
        },
        {
            "dataMap": {
                "_NObs_": "72.0",
                "_Depth_": "90.0",
                "_CumRespBest_": "100.0",
                "_formattedPartition_": "           2",
                "_column_": "predict",
                "_RespBest_": "0.0",
                "_DataRole_": "TEST",
                "_CumResp_": "100.0",
                "_PctRespBest_": "0.0",
                "_Gain_": "0.11111111111111",
                "_CumLift_": "1.11111111111111",
                "_Event_": "1",
                "_TargetName_": "ml_indicator",
                "_PctResp_": "0.0",
                "_GainBest_": "0.11111111111111",
                "_CumLiftBest_": "1.11111111111111",
                "_Lift_": "0.0",
                "_CumPctResp_": "5.40123456790123",
                "_NEventsBest_": "0.0",
                "_CumPctRespBest_": "5.40123456790123",
                "_Value_": "0.000191083815",
                "_NEvents_": "0.0",
                "_LiftBest_": "0.0",
                "_PartInd_": "2",
                "_Resp_": "0.0"
            },
            "rowNumber": 61
        },
        {
            "dataMap": {
                "_NObs_": "72.0",
                "_Depth_": "95.0",
                "_CumRespBest_": "100.0",
                "_formattedPartition_": "           2",
                "_column_": "predict",
                "_RespBest_": "0.0",
                "_DataRole_": "TEST",
                "_CumResp_": "100.0",
                "_PctRespBest_": "0.0",
                "_Gain_": "0.05263157894736",
                "_CumLift_": "1.05263157894736",
                "_Event_": "1",
                "_TargetName_": "ml_indicator",
                "_PctResp_": "0.0",
                "_GainBest_": "0.05263157894736",
                "_CumLiftBest_": "1.05263157894736",
                "_Lift_": "0.0",
                "_CumPctResp_": "5.11695906432748",
                "_NEventsBest_": "0.0",
                "_CumPctRespBest_": "5.11695906432748",
                "_Value_": "0.000139083105",
                "_NEvents_": "0.0",
                "_LiftBest_": "0.0",
                "_PartInd_": "2",
                "_Resp_": "0.0"
            },
            "rowNumber": 62
        },
        {
            "dataMap": {
                "_NObs_": "62.0",
                "_Depth_": "100.0",
                "_CumRespBest_": "100.0",
                "_formattedPartition_": "           2",
                "_column_": "predict",
                "_RespBest_": "0.0",
                "_DataRole_": "TEST",
                "_CumResp_": "100.0",
                "_PctRespBest_": "0.0",
                "_Gain_": "0.0",
                "_CumLift_": "1.0",
                "_Event_": "1",
                "_TargetName_": "ml_indicator",
                "_PctResp_": "0.0",
                "_GainBest_": "0.0",
                "_CumLiftBest_": "1.0",
                "_Lift_": "0.0",
                "_CumPctResp_": "4.89510489510489",
                "_NEventsBest_": "0.0",
                "_CumPctRespBest_": "4.89510489510489",
                "_Value_": "8.5036336e-05",
                "_NEvents_": "0.0",
                "_LiftBest_": "0.0",
                "_PartInd_": "2",
                "_Resp_": "0.0"
            },
            "rowNumber": 63
        }
    ],
    "version": 1,
    "xInteger": false,
    "yInteger": false
}