[
	{
		"name": "_1444EF31FBA734E3BEB241C45_AST",
		"uri": "/dataTables/dataSources/cas~fs~cas-shared-epic~fs~ModelStore/tables/_1444EF31FBA734E3BEB241C45_AST",
		"key": "1444EF31FBA734E3BEB241C45942401511165CA3",
		"caslib": "ModelStore",
		"location": "file:///models/astores/viya/_1444EF31FBA734E3BEB241C45_AST.astore",
		"host": "sas-compute-server-59d493bd-8e08-4578-b41b-23003f94683a-20430",
		"fullPath": "/opt/sas/viya/config/data/modelsvr/astore/_1444EF31FBA734E3BEB241C45_AST.astore",
		"state": "success"
	}
]