{                             
  "creationTimeStamp" : "2024-06-25T03:22:12Z" ,
  "modifiedTimeStamp" : "2024-06-25T03:22:12Z" ,
  "revision" : 0,
  "name" : "dmcas_lift",
  "version" : 0,
  "order" : 0,
  "parameterMap" : {
      "_TargetName_"  : {
        "label"  : "_TargetName_" ,
        "length"  : 12 ,
        "order"  : 1 ,
        "parameter"  : "_TargetName_" ,
        "preformatted"  : "false" ,
        "type"  : "char" ,
        "values"  : ["_TargetName_" ]
      },
      "_DataRole_"  : {
        "label"  : "_DataRole_" ,
        "length"  : 10 ,
        "order"  : 2 ,
        "parameter"  : "_DataRole_" ,
        "preformatted"  : "false" ,
        "type"  : "char" ,
        "values"  : ["_DataRole_" ]
      },
      "_formattedPartition_"  : {
        "label"  : "Formatted Partition" ,
        "length"  : 12 ,
        "order"  : 3 ,
        "parameter"  : "_formattedPartition_" ,
        "preformatted"  : "false" ,
        "type"  : "char" ,
        "values"  : ["_formattedPartition_" ]
      },
      "_Column_"  : {
        "label"  : "Analysis Variable" ,
        "length"  : 15 ,
        "order"  : 4 ,
        "parameter"  : "_Column_" ,
        "preformatted"  : "false" ,
        "type"  : "char" ,
        "values"  : ["_Column_" ]
      },
      "_Event_"  : {
        "label"  : "Event" ,
        "length"  : 12 ,
        "order"  : 5 ,
        "parameter"  : "_Event_" ,
        "preformatted"  : "false" ,
        "type"  : "char" ,
        "values"  : ["_Event_" ]
      },
      "analytic_partition"  : {
        "label"  : "analytic_partition" ,
        "length"  : 8 ,
        "order"  : 6 ,
        "parameter"  : "analytic_partition" ,
        "preformatted"  : "false" ,
        "type"  : "num" ,
        "values"  : ["analytic_partition" ]
      },
      "_Depth_"  : {
        "label"  : "Depth" ,
        "length"  : 8 ,
        "order"  : 7 ,
        "parameter"  : "_Depth_" ,
        "preformatted"  : "false" ,
        "type"  : "num" ,
        "values"  : ["_Depth_" ]
      },
      "_Value_"  : {
        "label"  : "Value" ,
        "length"  : 8 ,
        "order"  : 8 ,
        "parameter"  : "_Value_" ,
        "preformatted"  : "false" ,
        "type"  : "num" ,
        "values"  : ["_Value_" ]
      },
      "_NObs_"  : {
        "label"  : "Sum of Frequencies" ,
        "length"  : 8 ,
        "order"  : 9 ,
        "parameter"  : "_NObs_" ,
        "preformatted"  : "false" ,
        "type"  : "num" ,
        "values"  : ["_NObs_" ]
      },
      "_NEvents_"  : {
        "label"  : "Number of Events" ,
        "length"  : 8 ,
        "order"  : 10 ,
        "parameter"  : "_NEvents_" ,
        "preformatted"  : "false" ,
        "type"  : "num" ,
        "values"  : ["_NEvents_" ]
      },
      "_NEventsBest_"  : {
        "label"  : "Best Number of Events" ,
        "length"  : 8 ,
        "order"  : 11 ,
        "parameter"  : "_NEventsBest_" ,
        "preformatted"  : "false" ,
        "type"  : "num" ,
        "values"  : ["_NEventsBest_" ]
      },
      "_Resp_"  : {
        "label"  : "%% Captured Response" ,
        "length"  : 8 ,
        "order"  : 12 ,
        "parameter"  : "_Resp_" ,
        "preformatted"  : "false" ,
        "type"  : "num" ,
        "values"  : ["_Resp_" ]
      },
      "_RespBest_"  : {
        "label"  : "Best %% Captured Response" ,
        "length"  : 8 ,
        "order"  : 13 ,
        "parameter"  : "_RespBest_" ,
        "preformatted"  : "false" ,
        "type"  : "num" ,
        "values"  : ["_RespBest_" ]
      },
      "_Lift_"  : {
        "label"  : "Lift" ,
        "length"  : 8 ,
        "order"  : 14 ,
        "parameter"  : "_Lift_" ,
        "preformatted"  : "false" ,
        "type"  : "num" ,
        "values"  : ["_Lift_" ]
      },
      "_LiftBest_"  : {
        "label"  : "Best Lift" ,
        "length"  : 8 ,
        "order"  : 15 ,
        "parameter"  : "_LiftBest_" ,
        "preformatted"  : "false" ,
        "type"  : "num" ,
        "values"  : ["_LiftBest_" ]
      },
      "_CumResp_"  : {
        "label"  : "Cumulative %% Captured Response" ,
        "length"  : 8 ,
        "order"  : 16 ,
        "parameter"  : "_CumResp_" ,
        "preformatted"  : "false" ,
        "type"  : "num" ,
        "values"  : ["_CumResp_" ]
      },
      "_CumRespBest_"  : {
        "label"  : "Cumulative Best %% Captured Response" ,
        "length"  : 8 ,
        "order"  : 17 ,
        "parameter"  : "_CumRespBest_" ,
        "preformatted"  : "false" ,
        "type"  : "num" ,
        "values"  : ["_CumRespBest_" ]
      },
      "_CumLift_"  : {
        "label"  : "Cumulative Lift" ,
        "length"  : 8 ,
        "order"  : 18 ,
        "parameter"  : "_CumLift_" ,
        "preformatted"  : "false" ,
        "type"  : "num" ,
        "values"  : ["_CumLift_" ]
      },
      "_CumLiftBest_"  : {
        "label"  : "Best Cumulative Lift" ,
        "length"  : 8 ,
        "order"  : 19 ,
        "parameter"  : "_CumLiftBest_" ,
        "preformatted"  : "false" ,
        "type"  : "num" ,
        "values"  : ["_CumLiftBest_" ]
      },
      "_PctResp_"  : {
        "label"  : "%% Response" ,
        "length"  : 8 ,
        "order"  : 20 ,
        "parameter"  : "_PctResp_" ,
        "preformatted"  : "false" ,
        "type"  : "num" ,
        "values"  : ["_PctResp_" ]
      },
      "_PctRespBest_"  : {
        "label"  : "Best %% Response" ,
        "length"  : 8 ,
        "order"  : 21 ,
        "parameter"  : "_PctRespBest_" ,
        "preformatted"  : "false" ,
        "type"  : "num" ,
        "values"  : ["_PctRespBest_" ]
      },
      "_CumPctResp_"  : {
        "label"  : "Cumulative %% Response" ,
        "length"  : 8 ,
        "order"  : 22 ,
        "parameter"  : "_CumPctResp_" ,
        "preformatted"  : "false" ,
        "type"  : "num" ,
        "values"  : ["_CumPctResp_" ]
      },
      "_CumPctRespBest_"  : {
        "label"  : "Cumulative Best %% Response" ,
        "length"  : 8 ,
        "order"  : 23 ,
        "parameter"  : "_CumPctRespBest_" ,
        "preformatted"  : "false" ,
        "type"  : "num" ,
        "values"  : ["_CumPctRespBest_" ]
      },
      "_Gain_"  : {
        "label"  : "Gain" ,
        "length"  : 8 ,
        "order"  : 24 ,
        "parameter"  : "_Gain_" ,
        "preformatted"  : "false" ,
        "type"  : "num" ,
        "values"  : ["_Gain_" ]
      },
      "_GainBest_"  : {
        "label"  : "Best Gain" ,
        "length"  : 8 ,
        "order"  : 25 ,
        "parameter"  : "_GainBest_" ,
        "preformatted"  : "false" ,
        "type"  : "num" ,
        "values"  : ["_GainBest_" ]
      }
    },
    "data" : [ 
      {
      "dataMap" : {
        "_TargetName_"  : "ml_indicator" ,
        "_DataRole_"  : "VALIDATE" ,
        "_formattedPartition_"  : "0" ,
        "_Column_"  : "P_ml_indicator1" ,
        "_Event_"  : "1" ,
        "analytic_partition"  : "0" ,
        "_Depth_"  : "0" ,
        "_Value_"  : "0" ,
        "_NObs_"  : "0" ,
        "_NEvents_"  : "0" ,
        "_NEventsBest_"  : "0" ,
        "_Resp_"  : "0" ,
        "_RespBest_"  : "0" ,
        "_Lift_"  : "." ,
        "_LiftBest_"  : "." ,
        "_CumResp_"  : "0" ,
        "_CumRespBest_"  : "0" ,
        "_CumLift_"  : "." ,
        "_CumLiftBest_"  : "." ,
        "_PctResp_"  : "." ,
        "_PctRespBest_"  : "." ,
        "_CumPctResp_"  : "." ,
        "_CumPctRespBest_"  : "." ,
        "_Gain_"  : "." ,
        "_GainBest_"  : "."
        },
      "rowNumber" : 1
      },
      {
      "dataMap" : {
        "_TargetName_"  : "ml_indicator" ,
        "_DataRole_"  : "VALIDATE" ,
        "_formattedPartition_"  : "0" ,
        "_Column_"  : "P_ml_indicator1" ,
        "_Event_"  : "1" ,
        "analytic_partition"  : "0" ,
        "_Depth_"  : "5" ,
        "_Value_"  : "0.3144401399" ,
        "_NObs_"  : "215" ,
        "_NEvents_"  : "135" ,
        "_NEventsBest_"  : "215" ,
        "_Resp_"  : "60.267857143" ,
        "_RespBest_"  : "95.982142857" ,
        "_Lift_"  : "12.053571429" ,
        "_LiftBest_"  : "19.196428571" ,
        "_CumResp_"  : "60.267857143" ,
        "_CumRespBest_"  : "95.982142857" ,
        "_CumLift_"  : "12.053571429" ,
        "_CumLiftBest_"  : "19.196428571" ,
        "_PctResp_"  : "62.790697674" ,
        "_PctRespBest_"  : "100" ,
        "_CumPctResp_"  : "62.790697674" ,
        "_CumPctRespBest_"  : "100" ,
        "_Gain_"  : "11.053571429" ,
        "_GainBest_"  : "18.196428571"
        },
      "rowNumber" : 2
      },
      {
      "dataMap" : {
        "_TargetName_"  : "ml_indicator" ,
        "_DataRole_"  : "VALIDATE" ,
        "_formattedPartition_"  : "0" ,
        "_Column_"  : "P_ml_indicator1" ,
        "_Event_"  : "1" ,
        "analytic_partition"  : "0" ,
        "_Depth_"  : "10" ,
        "_Value_"  : "0.1073742445" ,
        "_NObs_"  : "215" ,
        "_NEvents_"  : "44" ,
        "_NEventsBest_"  : "9" ,
        "_Resp_"  : "19.642857143" ,
        "_RespBest_"  : "4.0178571429" ,
        "_Lift_"  : "3.9285714286" ,
        "_LiftBest_"  : "0.8035714286" ,
        "_CumResp_"  : "79.910714286" ,
        "_CumRespBest_"  : "100" ,
        "_CumLift_"  : "7.9910714286" ,
        "_CumLiftBest_"  : "10" ,
        "_PctResp_"  : "20.465116279" ,
        "_PctRespBest_"  : "4.1860465116" ,
        "_CumPctResp_"  : "41.627906977" ,
        "_CumPctRespBest_"  : "52.093023256" ,
        "_Gain_"  : "6.9910714286" ,
        "_GainBest_"  : "9"
        },
      "rowNumber" : 3
      },
      {
      "dataMap" : {
        "_TargetName_"  : "ml_indicator" ,
        "_DataRole_"  : "VALIDATE" ,
        "_formattedPartition_"  : "0" ,
        "_Column_"  : "P_ml_indicator1" ,
        "_Event_"  : "1" ,
        "analytic_partition"  : "0" ,
        "_Depth_"  : "15" ,
        "_Value_"  : "0.0501507882" ,
        "_NObs_"  : "215" ,
        "_NEvents_"  : "20" ,
        "_NEventsBest_"  : "0" ,
        "_Resp_"  : "8.9285714286" ,
        "_RespBest_"  : "0" ,
        "_Lift_"  : "1.7857142857" ,
        "_LiftBest_"  : "0" ,
        "_CumResp_"  : "88.839285714" ,
        "_CumRespBest_"  : "100" ,
        "_CumLift_"  : "5.9226190476" ,
        "_CumLiftBest_"  : "6.6666666667" ,
        "_PctResp_"  : "9.3023255814" ,
        "_PctRespBest_"  : "0" ,
        "_CumPctResp_"  : "30.852713178" ,
        "_CumPctRespBest_"  : "34.728682171" ,
        "_Gain_"  : "4.9226190476" ,
        "_GainBest_"  : "5.6666666667"
        },
      "rowNumber" : 4
      },
      {
      "dataMap" : {
        "_TargetName_"  : "ml_indicator" ,
        "_DataRole_"  : "VALIDATE" ,
        "_formattedPartition_"  : "0" ,
        "_Column_"  : "P_ml_indicator1" ,
        "_Event_"  : "1" ,
        "analytic_partition"  : "0" ,
        "_Depth_"  : "20" ,
        "_Value_"  : "0.0281747786" ,
        "_NObs_"  : "215" ,
        "_NEvents_"  : "7" ,
        "_NEventsBest_"  : "0" ,
        "_Resp_"  : "3.125" ,
        "_RespBest_"  : "0" ,
        "_Lift_"  : "0.625" ,
        "_LiftBest_"  : "0" ,
        "_CumResp_"  : "91.964285714" ,
        "_CumRespBest_"  : "100" ,
        "_CumLift_"  : "4.5982142857" ,
        "_CumLiftBest_"  : "5" ,
        "_PctResp_"  : "3.2558139535" ,
        "_PctRespBest_"  : "0" ,
        "_CumPctResp_"  : "23.953488372" ,
        "_CumPctRespBest_"  : "26.046511628" ,
        "_Gain_"  : "3.5982142857" ,
        "_GainBest_"  : "4"
        },
      "rowNumber" : 5
      },
      {
      "dataMap" : {
        "_TargetName_"  : "ml_indicator" ,
        "_DataRole_"  : "VALIDATE" ,
        "_formattedPartition_"  : "0" ,
        "_Column_"  : "P_ml_indicator1" ,
        "_Event_"  : "1" ,
        "analytic_partition"  : "0" ,
        "_Depth_"  : "25" ,
        "_Value_"  : "0.0177238543" ,
        "_NObs_"  : "214" ,
        "_NEvents_"  : "4" ,
        "_NEventsBest_"  : "0" ,
        "_Resp_"  : "1.7857142857" ,
        "_RespBest_"  : "0" ,
        "_Lift_"  : "0.3571428571" ,
        "_LiftBest_"  : "0" ,
        "_CumResp_"  : "93.75" ,
        "_CumRespBest_"  : "100" ,
        "_CumLift_"  : "3.75" ,
        "_CumLiftBest_"  : "4" ,
        "_PctResp_"  : "1.8691588785" ,
        "_PctRespBest_"  : "0" ,
        "_CumPctResp_"  : "19.553072626" ,
        "_CumPctRespBest_"  : "20.856610801" ,
        "_Gain_"  : "2.75" ,
        "_GainBest_"  : "3"
        },
      "rowNumber" : 6
      },
      {
      "dataMap" : {
        "_TargetName_"  : "ml_indicator" ,
        "_DataRole_"  : "VALIDATE" ,
        "_formattedPartition_"  : "0" ,
        "_Column_"  : "P_ml_indicator1" ,
        "_Event_"  : "1" ,
        "analytic_partition"  : "0" ,
        "_Depth_"  : "30" ,
        "_Value_"  : "0.0117521283" ,
        "_NObs_"  : "215" ,
        "_NEvents_"  : "8" ,
        "_NEventsBest_"  : "0" ,
        "_Resp_"  : "3.5714285714" ,
        "_RespBest_"  : "0" ,
        "_Lift_"  : "0.7142857143" ,
        "_LiftBest_"  : "0" ,
        "_CumResp_"  : "97.321428571" ,
        "_CumRespBest_"  : "100" ,
        "_CumLift_"  : "3.244047619" ,
        "_CumLiftBest_"  : "3.3333333333" ,
        "_PctResp_"  : "3.7209302326" ,
        "_PctRespBest_"  : "0" ,
        "_CumPctResp_"  : "16.912335144" ,
        "_CumPctRespBest_"  : "17.377812258" ,
        "_Gain_"  : "2.244047619" ,
        "_GainBest_"  : "2.3333333333"
        },
      "rowNumber" : 7
      },
      {
      "dataMap" : {
        "_TargetName_"  : "ml_indicator" ,
        "_DataRole_"  : "VALIDATE" ,
        "_formattedPartition_"  : "0" ,
        "_Column_"  : "P_ml_indicator1" ,
        "_Event_"  : "1" ,
        "analytic_partition"  : "0" ,
        "_Depth_"  : "35" ,
        "_Value_"  : "0.0082485486" ,
        "_NObs_"  : "214" ,
        "_NEvents_"  : "1" ,
        "_NEventsBest_"  : "0" ,
        "_Resp_"  : "0.4464285714" ,
        "_RespBest_"  : "0" ,
        "_Lift_"  : "0.0892857143" ,
        "_LiftBest_"  : "0" ,
        "_CumResp_"  : "97.767857143" ,
        "_CumRespBest_"  : "100" ,
        "_CumLift_"  : "2.7933673469" ,
        "_CumLiftBest_"  : "2.8571428571" ,
        "_PctResp_"  : "0.4672897196" ,
        "_PctRespBest_"  : "0" ,
        "_CumPctResp_"  : "14.570858283" ,
        "_CumPctRespBest_"  : "14.903526281" ,
        "_Gain_"  : "1.7933673469" ,
        "_GainBest_"  : "1.8571428571"
        },
      "rowNumber" : 8
      },
      {
      "dataMap" : {
        "_TargetName_"  : "ml_indicator" ,
        "_DataRole_"  : "VALIDATE" ,
        "_formattedPartition_"  : "0" ,
        "_Column_"  : "P_ml_indicator1" ,
        "_Event_"  : "1" ,
        "analytic_partition"  : "0" ,
        "_Depth_"  : "40" ,
        "_Value_"  : "0.0058312729" ,
        "_NObs_"  : "215" ,
        "_NEvents_"  : "2" ,
        "_NEventsBest_"  : "0" ,
        "_Resp_"  : "0.8928571429" ,
        "_RespBest_"  : "0" ,
        "_Lift_"  : "0.1785714286" ,
        "_LiftBest_"  : "0" ,
        "_CumResp_"  : "98.660714286" ,
        "_CumRespBest_"  : "100" ,
        "_CumLift_"  : "2.4665178571" ,
        "_CumLiftBest_"  : "2.5" ,
        "_PctResp_"  : "0.9302325581" ,
        "_PctRespBest_"  : "0" ,
        "_CumPctResp_"  : "12.863795111" ,
        "_CumPctRespBest_"  : "13.038416764" ,
        "_Gain_"  : "1.4665178571" ,
        "_GainBest_"  : "1.5"
        },
      "rowNumber" : 9
      },
      {
      "dataMap" : {
        "_TargetName_"  : "ml_indicator" ,
        "_DataRole_"  : "VALIDATE" ,
        "_formattedPartition_"  : "0" ,
        "_Column_"  : "P_ml_indicator1" ,
        "_Event_"  : "1" ,
        "analytic_partition"  : "0" ,
        "_Depth_"  : "45" ,
        "_Value_"  : "0.0040515328" ,
        "_NObs_"  : "214" ,
        "_NEvents_"  : "1" ,
        "_NEventsBest_"  : "0" ,
        "_Resp_"  : "0.4464285714" ,
        "_RespBest_"  : "0" ,
        "_Lift_"  : "0.0892857143" ,
        "_LiftBest_"  : "0" ,
        "_CumResp_"  : "99.107142857" ,
        "_CumRespBest_"  : "100" ,
        "_CumLift_"  : "2.2023809524" ,
        "_CumLiftBest_"  : "2.2222222222" ,
        "_PctResp_"  : "0.4672897196" ,
        "_PctRespBest_"  : "0" ,
        "_CumPctResp_"  : "11.49068323" ,
        "_CumPctRespBest_"  : "11.594202899" ,
        "_Gain_"  : "1.2023809524" ,
        "_GainBest_"  : "1.2222222222"
        },
      "rowNumber" : 10
      },
      {
      "dataMap" : {
        "_TargetName_"  : "ml_indicator" ,
        "_DataRole_"  : "VALIDATE" ,
        "_formattedPartition_"  : "0" ,
        "_Column_"  : "P_ml_indicator1" ,
        "_Event_"  : "1" ,
        "analytic_partition"  : "0" ,
        "_Depth_"  : "50" ,
        "_Value_"  : "0.0031593018" ,
        "_NObs_"  : "215" ,
        "_NEvents_"  : "0" ,
        "_NEventsBest_"  : "0" ,
        "_Resp_"  : "0" ,
        "_RespBest_"  : "0" ,
        "_Lift_"  : "0" ,
        "_LiftBest_"  : "0" ,
        "_CumResp_"  : "99.107142857" ,
        "_CumRespBest_"  : "100" ,
        "_CumLift_"  : "1.9821428571" ,
        "_CumLiftBest_"  : "2" ,
        "_PctResp_"  : "0" ,
        "_PctRespBest_"  : "0" ,
        "_CumPctResp_"  : "10.340009315" ,
        "_CumPctRespBest_"  : "10.433162552" ,
        "_Gain_"  : "0.9821428571" ,
        "_GainBest_"  : "1"
        },
      "rowNumber" : 11
      },
      {
      "dataMap" : {
        "_TargetName_"  : "ml_indicator" ,
        "_DataRole_"  : "VALIDATE" ,
        "_formattedPartition_"  : "0" ,
        "_Column_"  : "P_ml_indicator1" ,
        "_Event_"  : "1" ,
        "analytic_partition"  : "0" ,
        "_Depth_"  : "55" ,
        "_Value_"  : "0.0021715703" ,
        "_NObs_"  : "215" ,
        "_NEvents_"  : "1" ,
        "_NEventsBest_"  : "0" ,
        "_Resp_"  : "0.4464285714" ,
        "_RespBest_"  : "0" ,
        "_Lift_"  : "0.0892857143" ,
        "_LiftBest_"  : "0" ,
        "_CumResp_"  : "99.553571429" ,
        "_CumRespBest_"  : "100" ,
        "_CumLift_"  : "1.8100649351" ,
        "_CumLiftBest_"  : "1.8181818182" ,
        "_PctResp_"  : "0.4651162791" ,
        "_PctRespBest_"  : "0" ,
        "_CumPctResp_"  : "9.4411515665" ,
        "_CumPctRespBest_"  : "9.483488569" ,
        "_Gain_"  : "0.8100649351" ,
        "_GainBest_"  : "0.8181818182"
        },
      "rowNumber" : 12
      },
      {
      "dataMap" : {
        "_TargetName_"  : "ml_indicator" ,
        "_DataRole_"  : "VALIDATE" ,
        "_formattedPartition_"  : "0" ,
        "_Column_"  : "P_ml_indicator1" ,
        "_Event_"  : "1" ,
        "analytic_partition"  : "0" ,
        "_Depth_"  : "60" ,
        "_Value_"  : "0.0015924361" ,
        "_NObs_"  : "214" ,
        "_NEvents_"  : "1" ,
        "_NEventsBest_"  : "0" ,
        "_Resp_"  : "0.4464285714" ,
        "_RespBest_"  : "0" ,
        "_Lift_"  : "0.0892857143" ,
        "_LiftBest_"  : "0" ,
        "_CumResp_"  : "100" ,
        "_CumRespBest_"  : "100" ,
        "_CumLift_"  : "1.6666666667" ,
        "_CumLiftBest_"  : "1.6666666667" ,
        "_PctResp_"  : "0.4672897196" ,
        "_PctRespBest_"  : "0" ,
        "_CumPctResp_"  : "8.6956521739" ,
        "_CumPctRespBest_"  : "8.6956521739" ,
        "_Gain_"  : "0.6666666667" ,
        "_GainBest_"  : "0.6666666667"
        },
      "rowNumber" : 13
      },
      {
      "dataMap" : {
        "_TargetName_"  : "ml_indicator" ,
        "_DataRole_"  : "VALIDATE" ,
        "_formattedPartition_"  : "0" ,
        "_Column_"  : "P_ml_indicator1" ,
        "_Event_"  : "1" ,
        "analytic_partition"  : "0" ,
        "_Depth_"  : "65" ,
        "_Value_"  : "0.0012006381" ,
        "_NObs_"  : "216" ,
        "_NEvents_"  : "0" ,
        "_NEventsBest_"  : "0" ,
        "_Resp_"  : "0" ,
        "_RespBest_"  : "0" ,
        "_Lift_"  : "0" ,
        "_LiftBest_"  : "0" ,
        "_CumResp_"  : "100" ,
        "_CumRespBest_"  : "100" ,
        "_CumLift_"  : "1.5384615385" ,
        "_CumLiftBest_"  : "1.5384615385" ,
        "_PctResp_"  : "0" ,
        "_PctRespBest_"  : "0" ,
        "_CumPctResp_"  : "8.0229226361" ,
        "_CumPctRespBest_"  : "8.0229226361" ,
        "_Gain_"  : "0.5384615385" ,
        "_GainBest_"  : "0.5384615385"
        },
      "rowNumber" : 14
      },
      {
      "dataMap" : {
        "_TargetName_"  : "ml_indicator" ,
        "_DataRole_"  : "VALIDATE" ,
        "_formattedPartition_"  : "0" ,
        "_Column_"  : "P_ml_indicator1" ,
        "_Event_"  : "1" ,
        "analytic_partition"  : "0" ,
        "_Depth_"  : "70" ,
        "_Value_"  : "0.0009012182" ,
        "_NObs_"  : "213" ,
        "_NEvents_"  : "0" ,
        "_NEventsBest_"  : "0" ,
        "_Resp_"  : "0" ,
        "_RespBest_"  : "0" ,
        "_Lift_"  : "0" ,
        "_LiftBest_"  : "0" ,
        "_CumResp_"  : "100" ,
        "_CumRespBest_"  : "100" ,
        "_CumLift_"  : "1.4285714286" ,
        "_CumLiftBest_"  : "1.4285714286" ,
        "_PctResp_"  : "0" ,
        "_PctRespBest_"  : "0" ,
        "_CumPctResp_"  : "7.4542429285" ,
        "_CumPctRespBest_"  : "7.4542429285" ,
        "_Gain_"  : "0.4285714286" ,
        "_GainBest_"  : "0.4285714286"
        },
      "rowNumber" : 15
      },
      {
      "dataMap" : {
        "_TargetName_"  : "ml_indicator" ,
        "_DataRole_"  : "VALIDATE" ,
        "_formattedPartition_"  : "0" ,
        "_Column_"  : "P_ml_indicator1" ,
        "_Event_"  : "1" ,
        "analytic_partition"  : "0" ,
        "_Depth_"  : "75" ,
        "_Value_"  : "0.0005946768" ,
        "_NObs_"  : "215" ,
        "_NEvents_"  : "0" ,
        "_NEventsBest_"  : "0" ,
        "_Resp_"  : "0" ,
        "_RespBest_"  : "0" ,
        "_Lift_"  : "0" ,
        "_LiftBest_"  : "0" ,
        "_CumResp_"  : "100" ,
        "_CumRespBest_"  : "100" ,
        "_CumLift_"  : "1.3333333333" ,
        "_CumLiftBest_"  : "1.3333333333" ,
        "_PctResp_"  : "0" ,
        "_PctRespBest_"  : "0" ,
        "_CumPctResp_"  : "6.9565217391" ,
        "_CumPctRespBest_"  : "6.9565217391" ,
        "_Gain_"  : "0.3333333333" ,
        "_GainBest_"  : "0.3333333333"
        },
      "rowNumber" : 16
      },
      {
      "dataMap" : {
        "_TargetName_"  : "ml_indicator" ,
        "_DataRole_"  : "VALIDATE" ,
        "_formattedPartition_"  : "0" ,
        "_Column_"  : "P_ml_indicator1" ,
        "_Event_"  : "1" ,
        "analytic_partition"  : "0" ,
        "_Depth_"  : "80" ,
        "_Value_"  : "0.0004065484" ,
        "_NObs_"  : "214" ,
        "_NEvents_"  : "0" ,
        "_NEventsBest_"  : "0" ,
        "_Resp_"  : "0" ,
        "_RespBest_"  : "0" ,
        "_Lift_"  : "0" ,
        "_LiftBest_"  : "0" ,
        "_CumResp_"  : "100" ,
        "_CumRespBest_"  : "100" ,
        "_CumLift_"  : "1.25" ,
        "_CumLiftBest_"  : "1.25" ,
        "_PctResp_"  : "0" ,
        "_PctRespBest_"  : "0" ,
        "_CumPctResp_"  : "6.5230052417" ,
        "_CumPctRespBest_"  : "6.5230052417" ,
        "_Gain_"  : "0.25" ,
        "_GainBest_"  : "0.25"
        },
      "rowNumber" : 17
      },
      {
      "dataMap" : {
        "_TargetName_"  : "ml_indicator" ,
        "_DataRole_"  : "VALIDATE" ,
        "_formattedPartition_"  : "0" ,
        "_Column_"  : "P_ml_indicator1" ,
        "_Event_"  : "1" ,
        "analytic_partition"  : "0" ,
        "_Depth_"  : "85" ,
        "_Value_"  : "0.0002522068" ,
        "_NObs_"  : "215" ,
        "_NEvents_"  : "0" ,
        "_NEventsBest_"  : "0" ,
        "_Resp_"  : "0" ,
        "_RespBest_"  : "0" ,
        "_Lift_"  : "0" ,
        "_LiftBest_"  : "0" ,
        "_CumResp_"  : "100" ,
        "_CumRespBest_"  : "100" ,
        "_CumLift_"  : "1.1764705882" ,
        "_CumLiftBest_"  : "1.1764705882" ,
        "_PctResp_"  : "0" ,
        "_PctRespBest_"  : "0" ,
        "_CumPctResp_"  : "6.1386681283" ,
        "_CumPctRespBest_"  : "6.1386681283" ,
        "_Gain_"  : "0.1764705882" ,
        "_GainBest_"  : "0.1764705882"
        },
      "rowNumber" : 18
      },
      {
      "dataMap" : {
        "_TargetName_"  : "ml_indicator" ,
        "_DataRole_"  : "VALIDATE" ,
        "_formattedPartition_"  : "0" ,
        "_Column_"  : "P_ml_indicator1" ,
        "_Event_"  : "1" ,
        "analytic_partition"  : "0" ,
        "_Depth_"  : "90" ,
        "_Value_"  : "0.0001618017" ,
        "_NObs_"  : "214" ,
        "_NEvents_"  : "0" ,
        "_NEventsBest_"  : "0" ,
        "_Resp_"  : "0" ,
        "_RespBest_"  : "0" ,
        "_Lift_"  : "0" ,
        "_LiftBest_"  : "0" ,
        "_CumResp_"  : "100" ,
        "_CumRespBest_"  : "100" ,
        "_CumLift_"  : "1.1111111111" ,
        "_CumLiftBest_"  : "1.1111111111" ,
        "_PctResp_"  : "0" ,
        "_PctRespBest_"  : "0" ,
        "_CumPctResp_"  : "5.7986021227" ,
        "_CumPctRespBest_"  : "5.7986021227" ,
        "_Gain_"  : "0.1111111111" ,
        "_GainBest_"  : "0.1111111111"
        },
      "rowNumber" : 19
      },
      {
      "dataMap" : {
        "_TargetName_"  : "ml_indicator" ,
        "_DataRole_"  : "VALIDATE" ,
        "_formattedPartition_"  : "0" ,
        "_Column_"  : "P_ml_indicator1" ,
        "_Event_"  : "1" ,
        "analytic_partition"  : "0" ,
        "_Depth_"  : "95" ,
        "_Value_"  : "0.0000787804" ,
        "_NObs_"  : "215" ,
        "_NEvents_"  : "0" ,
        "_NEventsBest_"  : "0" ,
        "_Resp_"  : "0" ,
        "_RespBest_"  : "0" ,
        "_Lift_"  : "0" ,
        "_LiftBest_"  : "0" ,
        "_CumResp_"  : "100" ,
        "_CumRespBest_"  : "100" ,
        "_CumLift_"  : "1.0526315789" ,
        "_CumLiftBest_"  : "1.0526315789" ,
        "_PctResp_"  : "0" ,
        "_PctRespBest_"  : "0" ,
        "_CumPctResp_"  : "5.4928886709" ,
        "_CumPctRespBest_"  : "5.4928886709" ,
        "_Gain_"  : "0.0526315789" ,
        "_GainBest_"  : "0.0526315789"
        },
      "rowNumber" : 20
      },
      {
      "dataMap" : {
        "_TargetName_"  : "ml_indicator" ,
        "_DataRole_"  : "VALIDATE" ,
        "_formattedPartition_"  : "0" ,
        "_Column_"  : "P_ml_indicator1" ,
        "_Event_"  : "1" ,
        "analytic_partition"  : "0" ,
        "_Depth_"  : "100" ,
        "_Value_"  : "0.0000215215" ,
        "_NObs_"  : "213" ,
        "_NEvents_"  : "0" ,
        "_NEventsBest_"  : "0" ,
        "_Resp_"  : "0" ,
        "_RespBest_"  : "0" ,
        "_Lift_"  : "0" ,
        "_LiftBest_"  : "0" ,
        "_CumResp_"  : "100" ,
        "_CumRespBest_"  : "100" ,
        "_CumLift_"  : "1" ,
        "_CumLiftBest_"  : "1" ,
        "_PctResp_"  : "0" ,
        "_PctRespBest_"  : "0" ,
        "_CumPctResp_"  : "5.220228385" ,
        "_CumPctRespBest_"  : "5.220228385" ,
        "_Gain_"  : "0" ,
        "_GainBest_"  : "0"
        },
      "rowNumber" : 21
      },
      {
      "dataMap" : {
        "_TargetName_"  : "ml_indicator" ,
        "_DataRole_"  : "TRAIN" ,
        "_formattedPartition_"  : "1" ,
        "_Column_"  : "P_ml_indicator1" ,
        "_Event_"  : "1" ,
        "analytic_partition"  : "1" ,
        "_Depth_"  : "0" ,
        "_Value_"  : "0" ,
        "_NObs_"  : "0" ,
        "_NEvents_"  : "0" ,
        "_NEventsBest_"  : "0" ,
        "_Resp_"  : "0" ,
        "_RespBest_"  : "0" ,
        "_Lift_"  : "." ,
        "_LiftBest_"  : "." ,
        "_CumResp_"  : "0" ,
        "_CumRespBest_"  : "0" ,
        "_CumLift_"  : "." ,
        "_CumLiftBest_"  : "." ,
        "_PctResp_"  : "." ,
        "_PctRespBest_"  : "." ,
        "_CumPctResp_"  : "." ,
        "_CumPctRespBest_"  : "." ,
        "_Gain_"  : "." ,
        "_GainBest_"  : "."
        },
      "rowNumber" : 22
      },
      {
      "dataMap" : {
        "_TargetName_"  : "ml_indicator" ,
        "_DataRole_"  : "TRAIN" ,
        "_formattedPartition_"  : "1" ,
        "_Column_"  : "P_ml_indicator1" ,
        "_Event_"  : "1" ,
        "analytic_partition"  : "1" ,
        "_Depth_"  : "5" ,
        "_Value_"  : "0.3114251348" ,
        "_NObs_"  : "430" ,
        "_NEvents_"  : "265" ,
        "_NEventsBest_"  : "422" ,
        "_Resp_"  : "62.796208531" ,
        "_RespBest_"  : "100" ,
        "_Lift_"  : "12.559241706" ,
        "_LiftBest_"  : "20" ,
        "_CumResp_"  : "62.796208531" ,
        "_CumRespBest_"  : "100" ,
        "_CumLift_"  : "12.559241706" ,
        "_CumLiftBest_"  : "20" ,
        "_PctResp_"  : "61.627906977" ,
        "_PctRespBest_"  : "98.139534884" ,
        "_CumPctResp_"  : "61.627906977" ,
        "_CumPctRespBest_"  : "98.139534884" ,
        "_Gain_"  : "11.559241706" ,
        "_GainBest_"  : "19"
        },
      "rowNumber" : 23
      },
      {
      "dataMap" : {
        "_TargetName_"  : "ml_indicator" ,
        "_DataRole_"  : "TRAIN" ,
        "_formattedPartition_"  : "1" ,
        "_Column_"  : "P_ml_indicator1" ,
        "_Event_"  : "1" ,
        "analytic_partition"  : "1" ,
        "_Depth_"  : "10" ,
        "_Value_"  : "0.1078535364" ,
        "_NObs_"  : "430" ,
        "_NEvents_"  : "78" ,
        "_NEventsBest_"  : "0" ,
        "_Resp_"  : "18.483412322" ,
        "_RespBest_"  : "0" ,
        "_Lift_"  : "3.6966824645" ,
        "_LiftBest_"  : "0" ,
        "_CumResp_"  : "81.279620853" ,
        "_CumRespBest_"  : "100" ,
        "_CumLift_"  : "8.1279620853" ,
        "_CumLiftBest_"  : "10" ,
        "_PctResp_"  : "18.139534884" ,
        "_PctRespBest_"  : "0" ,
        "_CumPctResp_"  : "39.88372093" ,
        "_CumPctRespBest_"  : "49.069767442" ,
        "_Gain_"  : "7.1279620853" ,
        "_GainBest_"  : "9"
        },
      "rowNumber" : 24
      },
      {
      "dataMap" : {
        "_TargetName_"  : "ml_indicator" ,
        "_DataRole_"  : "TRAIN" ,
        "_formattedPartition_"  : "1" ,
        "_Column_"  : "P_ml_indicator1" ,
        "_Event_"  : "1" ,
        "analytic_partition"  : "1" ,
        "_Depth_"  : "15" ,
        "_Value_"  : "0.0521388338" ,
        "_NObs_"  : "429" ,
        "_NEvents_"  : "37" ,
        "_NEventsBest_"  : "0" ,
        "_Resp_"  : "8.7677725118" ,
        "_RespBest_"  : "0" ,
        "_Lift_"  : "1.7535545024" ,
        "_LiftBest_"  : "0" ,
        "_CumResp_"  : "90.047393365" ,
        "_CumRespBest_"  : "100" ,
        "_CumLift_"  : "6.0031595577" ,
        "_CumLiftBest_"  : "6.6666666667" ,
        "_PctResp_"  : "8.6247086247" ,
        "_PctRespBest_"  : "0" ,
        "_CumPctResp_"  : "29.480217223" ,
        "_CumPctRespBest_"  : "32.738557021" ,
        "_Gain_"  : "5.0031595577" ,
        "_GainBest_"  : "5.6666666667"
        },
      "rowNumber" : 25
      },
      {
      "dataMap" : {
        "_TargetName_"  : "ml_indicator" ,
        "_DataRole_"  : "TRAIN" ,
        "_formattedPartition_"  : "1" ,
        "_Column_"  : "P_ml_indicator1" ,
        "_Event_"  : "1" ,
        "analytic_partition"  : "1" ,
        "_Depth_"  : "20" ,
        "_Value_"  : "0.0291547766" ,
        "_NObs_"  : "429" ,
        "_NEvents_"  : "14" ,
        "_NEventsBest_"  : "0" ,
        "_Resp_"  : "3.317535545" ,
        "_RespBest_"  : "0" ,
        "_Lift_"  : "0.663507109" ,
        "_LiftBest_"  : "0" ,
        "_CumResp_"  : "93.36492891" ,
        "_CumRespBest_"  : "100" ,
        "_CumLift_"  : "4.6682464455" ,
        "_CumLiftBest_"  : "5" ,
        "_PctResp_"  : "3.2634032634" ,
        "_PctRespBest_"  : "0" ,
        "_CumPctResp_"  : "22.933643772" ,
        "_CumPctRespBest_"  : "24.563445867" ,
        "_Gain_"  : "3.6682464455" ,
        "_GainBest_"  : "4"
        },
      "rowNumber" : 26
      },
      {
      "dataMap" : {
        "_TargetName_"  : "ml_indicator" ,
        "_DataRole_"  : "TRAIN" ,
        "_formattedPartition_"  : "1" ,
        "_Column_"  : "P_ml_indicator1" ,
        "_Event_"  : "1" ,
        "analytic_partition"  : "1" ,
        "_Depth_"  : "25" ,
        "_Value_"  : "0.0182949622" ,
        "_NObs_"  : "429" ,
        "_NEvents_"  : "8" ,
        "_NEventsBest_"  : "0" ,
        "_Resp_"  : "1.8957345972" ,
        "_RespBest_"  : "0" ,
        "_Lift_"  : "0.3791469194" ,
        "_LiftBest_"  : "0" ,
        "_CumResp_"  : "95.260663507" ,
        "_CumRespBest_"  : "100" ,
        "_CumLift_"  : "3.8104265403" ,
        "_CumLiftBest_"  : "4" ,
        "_PctResp_"  : "1.8648018648" ,
        "_PctRespBest_"  : "0" ,
        "_CumPctResp_"  : "18.723800652" ,
        "_CumPctRespBest_"  : "19.655333023" ,
        "_Gain_"  : "2.8104265403" ,
        "_GainBest_"  : "3"
        },
      "rowNumber" : 27
      },
      {
      "dataMap" : {
        "_TargetName_"  : "ml_indicator" ,
        "_DataRole_"  : "TRAIN" ,
        "_formattedPartition_"  : "1" ,
        "_Column_"  : "P_ml_indicator1" ,
        "_Event_"  : "1" ,
        "analytic_partition"  : "1" ,
        "_Depth_"  : "30" ,
        "_Value_"  : "0.0121641474" ,
        "_NObs_"  : "429" ,
        "_NEvents_"  : "6" ,
        "_NEventsBest_"  : "0" ,
        "_Resp_"  : "1.4218009479" ,
        "_RespBest_"  : "0" ,
        "_Lift_"  : "0.2843601896" ,
        "_LiftBest_"  : "0" ,
        "_CumResp_"  : "96.682464455" ,
        "_CumRespBest_"  : "100" ,
        "_CumLift_"  : "3.2227488152" ,
        "_CumLiftBest_"  : "3.3333333333" ,
        "_PctResp_"  : "1.3986013986" ,
        "_PctRespBest_"  : "0" ,
        "_CumPctResp_"  : "15.838509317" ,
        "_CumPctRespBest_"  : "16.381987578" ,
        "_Gain_"  : "2.2227488152" ,
        "_GainBest_"  : "2.3333333333"
        },
      "rowNumber" : 28
      },
      {
      "dataMap" : {
        "_TargetName_"  : "ml_indicator" ,
        "_DataRole_"  : "TRAIN" ,
        "_formattedPartition_"  : "1" ,
        "_Column_"  : "P_ml_indicator1" ,
        "_Event_"  : "1" ,
        "analytic_partition"  : "1" ,
        "_Depth_"  : "35" ,
        "_Value_"  : "0.008412177" ,
        "_NObs_"  : "429" ,
        "_NEvents_"  : "2" ,
        "_NEventsBest_"  : "0" ,
        "_Resp_"  : "0.4739336493" ,
        "_RespBest_"  : "0" ,
        "_Lift_"  : "0.0947867299" ,
        "_LiftBest_"  : "0" ,
        "_CumResp_"  : "97.156398104" ,
        "_CumRespBest_"  : "100" ,
        "_CumLift_"  : "2.7758970887" ,
        "_CumLiftBest_"  : "2.8571428571" ,
        "_PctResp_"  : "0.4662004662" ,
        "_PctRespBest_"  : "0" ,
        "_CumPctResp_"  : "13.643926789" ,
        "_CumPctRespBest_"  : "14.043261231" ,
        "_Gain_"  : "1.7758970887" ,
        "_GainBest_"  : "1.8571428571"
        },
      "rowNumber" : 29
      },
      {
      "dataMap" : {
        "_TargetName_"  : "ml_indicator" ,
        "_DataRole_"  : "TRAIN" ,
        "_formattedPartition_"  : "1" ,
        "_Column_"  : "P_ml_indicator1" ,
        "_Event_"  : "1" ,
        "analytic_partition"  : "1" ,
        "_Depth_"  : "40" ,
        "_Value_"  : "0.0060788117" ,
        "_NObs_"  : "429" ,
        "_NEvents_"  : "1" ,
        "_NEventsBest_"  : "0" ,
        "_Resp_"  : "0.2369668246" ,
        "_RespBest_"  : "0" ,
        "_Lift_"  : "0.0473933649" ,
        "_LiftBest_"  : "0" ,
        "_CumResp_"  : "97.393364929" ,
        "_CumRespBest_"  : "100" ,
        "_CumLift_"  : "2.4348341232" ,
        "_CumLiftBest_"  : "2.5" ,
        "_PctResp_"  : "0.2331002331" ,
        "_PctRespBest_"  : "0" ,
        "_CumPctResp_"  : "11.968549796" ,
        "_CumPctRespBest_"  : "12.288875946" ,
        "_Gain_"  : "1.4348341232" ,
        "_GainBest_"  : "1.5"
        },
      "rowNumber" : 30
      },
      {
      "dataMap" : {
        "_TargetName_"  : "ml_indicator" ,
        "_DataRole_"  : "TRAIN" ,
        "_formattedPartition_"  : "1" ,
        "_Column_"  : "P_ml_indicator1" ,
        "_Event_"  : "1" ,
        "analytic_partition"  : "1" ,
        "_Depth_"  : "45" ,
        "_Value_"  : "0.004317362" ,
        "_NObs_"  : "429" ,
        "_NEvents_"  : "2" ,
        "_NEventsBest_"  : "0" ,
        "_Resp_"  : "0.4739336493" ,
        "_RespBest_"  : "0" ,
        "_Lift_"  : "0.0947867299" ,
        "_LiftBest_"  : "0" ,
        "_CumResp_"  : "97.867298578" ,
        "_CumRespBest_"  : "100" ,
        "_CumLift_"  : "2.1748288573" ,
        "_CumLiftBest_"  : "2.2222222222" ,
        "_PctResp_"  : "0.4662004662" ,
        "_PctRespBest_"  : "0" ,
        "_CumPctResp_"  : "10.691172664" ,
        "_CumPctRespBest_"  : "10.924152213" ,
        "_Gain_"  : "1.1748288573" ,
        "_GainBest_"  : "1.2222222222"
        },
      "rowNumber" : 31
      },
      {
      "dataMap" : {
        "_TargetName_"  : "ml_indicator" ,
        "_DataRole_"  : "TRAIN" ,
        "_formattedPartition_"  : "1" ,
        "_Column_"  : "P_ml_indicator1" ,
        "_Event_"  : "1" ,
        "analytic_partition"  : "1" ,
        "_Depth_"  : "50" ,
        "_Value_"  : "0.0032033576" ,
        "_NObs_"  : "429" ,
        "_NEvents_"  : "2" ,
        "_NEventsBest_"  : "0" ,
        "_Resp_"  : "0.4739336493" ,
        "_RespBest_"  : "0" ,
        "_Lift_"  : "0.0947867299" ,
        "_LiftBest_"  : "0" ,
        "_CumResp_"  : "98.341232227" ,
        "_CumRespBest_"  : "100" ,
        "_CumLift_"  : "1.9668246445" ,
        "_CumLiftBest_"  : "2" ,
        "_PctResp_"  : "0.4662004662" ,
        "_PctRespBest_"  : "0" ,
        "_CumPctResp_"  : "9.6691519105" ,
        "_CumPctRespBest_"  : "9.8322460391" ,
        "_Gain_"  : "0.9668246445" ,
        "_GainBest_"  : "1"
        },
      "rowNumber" : 32
      },
      {
      "dataMap" : {
        "_TargetName_"  : "ml_indicator" ,
        "_DataRole_"  : "TRAIN" ,
        "_formattedPartition_"  : "1" ,
        "_Column_"  : "P_ml_indicator1" ,
        "_Event_"  : "1" ,
        "analytic_partition"  : "1" ,
        "_Depth_"  : "55" ,
        "_Value_"  : "0.0022583879" ,
        "_NObs_"  : "429" ,
        "_NEvents_"  : "1" ,
        "_NEventsBest_"  : "0" ,
        "_Resp_"  : "0.2369668246" ,
        "_RespBest_"  : "0" ,
        "_Lift_"  : "0.0473933649" ,
        "_LiftBest_"  : "0" ,
        "_CumResp_"  : "98.578199052" ,
        "_CumRespBest_"  : "100" ,
        "_CumLift_"  : "1.7923308919" ,
        "_CumLiftBest_"  : "1.8181818182" ,
        "_PctResp_"  : "0.2331002331" ,
        "_PctRespBest_"  : "0" ,
        "_CumPctResp_"  : "8.811692438" ,
        "_CumPctRespBest_"  : "8.9387841559" ,
        "_Gain_"  : "0.7923308919" ,
        "_GainBest_"  : "0.8181818182"
        },
      "rowNumber" : 33
      },
      {
      "dataMap" : {
        "_TargetName_"  : "ml_indicator" ,
        "_DataRole_"  : "TRAIN" ,
        "_formattedPartition_"  : "1" ,
        "_Column_"  : "P_ml_indicator1" ,
        "_Event_"  : "1" ,
        "analytic_partition"  : "1" ,
        "_Depth_"  : "60" ,
        "_Value_"  : "0.0016130481" ,
        "_NObs_"  : "429" ,
        "_NEvents_"  : "1" ,
        "_NEventsBest_"  : "0" ,
        "_Resp_"  : "0.2369668246" ,
        "_RespBest_"  : "0" ,
        "_Lift_"  : "0.0473933649" ,
        "_LiftBest_"  : "0" ,
        "_CumResp_"  : "98.815165877" ,
        "_CumRespBest_"  : "100" ,
        "_CumLift_"  : "1.6469194313" ,
        "_CumLiftBest_"  : "1.6666666667" ,
        "_PctResp_"  : "0.2331002331" ,
        "_PctRespBest_"  : "0" ,
        "_CumPctResp_"  : "8.0970873786" ,
        "_CumPctRespBest_"  : "8.1941747573" ,
        "_Gain_"  : "0.6469194313" ,
        "_GainBest_"  : "0.6666666667"
        },
      "rowNumber" : 34
      },
      {
      "dataMap" : {
        "_TargetName_"  : "ml_indicator" ,
        "_DataRole_"  : "TRAIN" ,
        "_formattedPartition_"  : "1" ,
        "_Column_"  : "P_ml_indicator1" ,
        "_Event_"  : "1" ,
        "analytic_partition"  : "1" ,
        "_Depth_"  : "65" ,
        "_Value_"  : "0.0012751982" ,
        "_NObs_"  : "429" ,
        "_NEvents_"  : "0" ,
        "_NEventsBest_"  : "0" ,
        "_Resp_"  : "0" ,
        "_RespBest_"  : "0" ,
        "_Lift_"  : "0" ,
        "_LiftBest_"  : "0" ,
        "_CumResp_"  : "98.815165877" ,
        "_CumRespBest_"  : "100" ,
        "_CumLift_"  : "1.5202333212" ,
        "_CumLiftBest_"  : "1.5384615385" ,
        "_PctResp_"  : "0" ,
        "_PctRespBest_"  : "0" ,
        "_CumPctResp_"  : "7.4744577881" ,
        "_CumPctRespBest_"  : "7.5640795842" ,
        "_Gain_"  : "0.5202333212" ,
        "_GainBest_"  : "0.5384615385"
        },
      "rowNumber" : 35
      },
      {
      "dataMap" : {
        "_TargetName_"  : "ml_indicator" ,
        "_DataRole_"  : "TRAIN" ,
        "_formattedPartition_"  : "1" ,
        "_Column_"  : "P_ml_indicator1" ,
        "_Event_"  : "1" ,
        "analytic_partition"  : "1" ,
        "_Depth_"  : "70" ,
        "_Value_"  : "0.0009176788" ,
        "_NObs_"  : "429" ,
        "_NEvents_"  : "2" ,
        "_NEventsBest_"  : "0" ,
        "_Resp_"  : "0.4739336493" ,
        "_RespBest_"  : "0" ,
        "_Lift_"  : "0.0947867299" ,
        "_LiftBest_"  : "0" ,
        "_CumResp_"  : "99.289099526" ,
        "_CumRespBest_"  : "100" ,
        "_CumLift_"  : "1.4184157075" ,
        "_CumLiftBest_"  : "1.4285714286" ,
        "_PctResp_"  : "0.4662004662" ,
        "_PctRespBest_"  : "0" ,
        "_CumPctResp_"  : "6.9740346205" ,
        "_CumPctRespBest_"  : "7.0239680426" ,
        "_Gain_"  : "0.4184157075" ,
        "_GainBest_"  : "0.4285714286"
        },
      "rowNumber" : 36
      },
      {
      "dataMap" : {
        "_TargetName_"  : "ml_indicator" ,
        "_DataRole_"  : "TRAIN" ,
        "_formattedPartition_"  : "1" ,
        "_Column_"  : "P_ml_indicator1" ,
        "_Event_"  : "1" ,
        "analytic_partition"  : "1" ,
        "_Depth_"  : "75" ,
        "_Value_"  : "0.0006618642" ,
        "_NObs_"  : "429" ,
        "_NEvents_"  : "1" ,
        "_NEventsBest_"  : "0" ,
        "_Resp_"  : "0.2369668246" ,
        "_RespBest_"  : "0" ,
        "_Lift_"  : "0.0473933649" ,
        "_LiftBest_"  : "0" ,
        "_CumResp_"  : "99.526066351" ,
        "_CumRespBest_"  : "100" ,
        "_CumLift_"  : "1.327014218" ,
        "_CumLiftBest_"  : "1.3333333333" ,
        "_PctResp_"  : "0.2331002331" ,
        "_PctRespBest_"  : "0" ,
        "_CumPctResp_"  : "6.5247786236" ,
        "_CumPctRespBest_"  : "6.555848998" ,
        "_Gain_"  : "0.327014218" ,
        "_GainBest_"  : "0.3333333333"
        },
      "rowNumber" : 37
      },
      {
      "dataMap" : {
        "_TargetName_"  : "ml_indicator" ,
        "_DataRole_"  : "TRAIN" ,
        "_formattedPartition_"  : "1" ,
        "_Column_"  : "P_ml_indicator1" ,
        "_Event_"  : "1" ,
        "analytic_partition"  : "1" ,
        "_Depth_"  : "80" ,
        "_Value_"  : "0.0004463177" ,
        "_NObs_"  : "430" ,
        "_NEvents_"  : "1" ,
        "_NEventsBest_"  : "0" ,
        "_Resp_"  : "0.2369668246" ,
        "_RespBest_"  : "0" ,
        "_Lift_"  : "0.0473933649" ,
        "_LiftBest_"  : "0" ,
        "_CumResp_"  : "99.763033175" ,
        "_CumRespBest_"  : "100" ,
        "_CumLift_"  : "1.2470379147" ,
        "_CumLiftBest_"  : "1.25" ,
        "_PctResp_"  : "0.2325581395" ,
        "_PctRespBest_"  : "0" ,
        "_CumPctResp_"  : "6.130770351" ,
        "_CumPctRespBest_"  : "6.1453327508" ,
        "_Gain_"  : "0.2470379147" ,
        "_GainBest_"  : "0.25"
        },
      "rowNumber" : 38
      },
      {
      "dataMap" : {
        "_TargetName_"  : "ml_indicator" ,
        "_DataRole_"  : "TRAIN" ,
        "_formattedPartition_"  : "1" ,
        "_Column_"  : "P_ml_indicator1" ,
        "_Event_"  : "1" ,
        "analytic_partition"  : "1" ,
        "_Depth_"  : "85" ,
        "_Value_"  : "0.0002847369" ,
        "_NObs_"  : "428" ,
        "_NEvents_"  : "0" ,
        "_NEventsBest_"  : "0" ,
        "_Resp_"  : "0" ,
        "_RespBest_"  : "0" ,
        "_Lift_"  : "0" ,
        "_LiftBest_"  : "0" ,
        "_CumResp_"  : "99.763033175" ,
        "_CumRespBest_"  : "100" ,
        "_CumLift_"  : "1.1736827432" ,
        "_CumLiftBest_"  : "1.1764705882" ,
        "_PctResp_"  : "0" ,
        "_PctRespBest_"  : "0" ,
        "_CumPctResp_"  : "5.7710760795" ,
        "_CumPctRespBest_"  : "5.7847840987" ,
        "_Gain_"  : "0.1736827432" ,
        "_GainBest_"  : "0.1764705882"
        },
      "rowNumber" : 39
      },
      {
      "dataMap" : {
        "_TargetName_"  : "ml_indicator" ,
        "_DataRole_"  : "TRAIN" ,
        "_formattedPartition_"  : "1" ,
        "_Column_"  : "P_ml_indicator1" ,
        "_Event_"  : "1" ,
        "analytic_partition"  : "1" ,
        "_Depth_"  : "90" ,
        "_Value_"  : "0.0001809818" ,
        "_NObs_"  : "429" ,
        "_NEvents_"  : "0" ,
        "_NEventsBest_"  : "0" ,
        "_Resp_"  : "0" ,
        "_RespBest_"  : "0" ,
        "_Lift_"  : "0" ,
        "_LiftBest_"  : "0" ,
        "_CumResp_"  : "99.763033175" ,
        "_CumRespBest_"  : "100" ,
        "_CumLift_"  : "1.1084781464" ,
        "_CumLiftBest_"  : "1.1111111111" ,
        "_PctResp_"  : "0" ,
        "_PctRespBest_"  : "0" ,
        "_CumPctResp_"  : "5.4505437597" ,
        "_CumPctRespBest_"  : "5.4634904195" ,
        "_Gain_"  : "0.1084781464" ,
        "_GainBest_"  : "0.1111111111"
        },
      "rowNumber" : 40
      },
      {
      "dataMap" : {
        "_TargetName_"  : "ml_indicator" ,
        "_DataRole_"  : "TRAIN" ,
        "_formattedPartition_"  : "1" ,
        "_Column_"  : "P_ml_indicator1" ,
        "_Event_"  : "1" ,
        "analytic_partition"  : "1" ,
        "_Depth_"  : "95" ,
        "_Value_"  : "0.0000819151" ,
        "_NObs_"  : "429" ,
        "_NEvents_"  : "0" ,
        "_NEventsBest_"  : "0" ,
        "_Resp_"  : "0" ,
        "_RespBest_"  : "0" ,
        "_Lift_"  : "0" ,
        "_LiftBest_"  : "0" ,
        "_CumResp_"  : "99.763033175" ,
        "_CumRespBest_"  : "100" ,
        "_CumLift_"  : "1.0501371913" ,
        "_CumLiftBest_"  : "1.0526315789" ,
        "_PctResp_"  : "0" ,
        "_PctRespBest_"  : "0" ,
        "_CumPctResp_"  : "5.1637434073" ,
        "_CumPctRespBest_"  : "5.1760088311" ,
        "_Gain_"  : "0.0501371913" ,
        "_GainBest_"  : "0.0526315789"
        },
      "rowNumber" : 41
      },
      {
      "dataMap" : {
        "_TargetName_"  : "ml_indicator" ,
        "_DataRole_"  : "TRAIN" ,
        "_formattedPartition_"  : "1" ,
        "_Column_"  : "P_ml_indicator1" ,
        "_Event_"  : "1" ,
        "analytic_partition"  : "1" ,
        "_Depth_"  : "100" ,
        "_Value_"  : "0.0000215215" ,
        "_NObs_"  : "428" ,
        "_NEvents_"  : "1" ,
        "_NEventsBest_"  : "0" ,
        "_Resp_"  : "0.2369668246" ,
        "_RespBest_"  : "0" ,
        "_Lift_"  : "0.0473933649" ,
        "_LiftBest_"  : "0" ,
        "_CumResp_"  : "100" ,
        "_CumRespBest_"  : "100" ,
        "_CumLift_"  : "1" ,
        "_CumLiftBest_"  : "1" ,
        "_PctResp_"  : "0.2336448598" ,
        "_PctRespBest_"  : "0" ,
        "_CumPctResp_"  : "4.9178417434" ,
        "_CumPctRespBest_"  : "4.9178417434" ,
        "_Gain_"  : "0" ,
        "_GainBest_"  : "0"
        },
      "rowNumber" : 42
      },
      {
      "dataMap" : {
        "_TargetName_"  : "ml_indicator" ,
        "_DataRole_"  : "TEST" ,
        "_formattedPartition_"  : "2" ,
        "_Column_"  : "P_ml_indicator1" ,
        "_Event_"  : "1" ,
        "analytic_partition"  : "2" ,
        "_Depth_"  : "0" ,
        "_Value_"  : "0" ,
        "_NObs_"  : "0" ,
        "_NEvents_"  : "0" ,
        "_NEventsBest_"  : "0" ,
        "_Resp_"  : "0" ,
        "_RespBest_"  : "0" ,
        "_Lift_"  : "." ,
        "_LiftBest_"  : "." ,
        "_CumResp_"  : "0" ,
        "_CumRespBest_"  : "0" ,
        "_CumLift_"  : "." ,
        "_CumLiftBest_"  : "." ,
        "_PctResp_"  : "." ,
        "_PctRespBest_"  : "." ,
        "_CumPctResp_"  : "." ,
        "_CumPctRespBest_"  : "." ,
        "_Gain_"  : "." ,
        "_GainBest_"  : "."
        },
      "rowNumber" : 43
      },
      {
      "dataMap" : {
        "_TargetName_"  : "ml_indicator" ,
        "_DataRole_"  : "TEST" ,
        "_formattedPartition_"  : "2" ,
        "_Column_"  : "P_ml_indicator1" ,
        "_Event_"  : "1" ,
        "analytic_partition"  : "2" ,
        "_Depth_"  : "5" ,
        "_Value_"  : "0.301102254" ,
        "_NObs_"  : "72" ,
        "_NEvents_"  : "40" ,
        "_NEventsBest_"  : "70" ,
        "_Resp_"  : "57.142857143" ,
        "_RespBest_"  : "100" ,
        "_Lift_"  : "11.428571429" ,
        "_LiftBest_"  : "20" ,
        "_CumResp_"  : "57.142857143" ,
        "_CumRespBest_"  : "100" ,
        "_CumLift_"  : "11.428571429" ,
        "_CumLiftBest_"  : "20" ,
        "_PctResp_"  : "55.555555556" ,
        "_PctRespBest_"  : "97.222222222" ,
        "_CumPctResp_"  : "55.555555556" ,
        "_CumPctRespBest_"  : "97.222222222" ,
        "_Gain_"  : "10.428571429" ,
        "_GainBest_"  : "19"
        },
      "rowNumber" : 44
      },
      {
      "dataMap" : {
        "_TargetName_"  : "ml_indicator" ,
        "_DataRole_"  : "TEST" ,
        "_formattedPartition_"  : "2" ,
        "_Column_"  : "P_ml_indicator1" ,
        "_Event_"  : "1" ,
        "analytic_partition"  : "2" ,
        "_Depth_"  : "10" ,
        "_Value_"  : "0.1139757921" ,
        "_NObs_"  : "72" ,
        "_NEvents_"  : "17" ,
        "_NEventsBest_"  : "0" ,
        "_Resp_"  : "24.285714286" ,
        "_RespBest_"  : "0" ,
        "_Lift_"  : "4.8571428571" ,
        "_LiftBest_"  : "0" ,
        "_CumResp_"  : "81.428571429" ,
        "_CumRespBest_"  : "100" ,
        "_CumLift_"  : "8.1428571429" ,
        "_CumLiftBest_"  : "10" ,
        "_PctResp_"  : "23.611111111" ,
        "_PctRespBest_"  : "0" ,
        "_CumPctResp_"  : "39.583333333" ,
        "_CumPctRespBest_"  : "48.611111111" ,
        "_Gain_"  : "7.1428571429" ,
        "_GainBest_"  : "9"
        },
      "rowNumber" : 45
      },
      {
      "dataMap" : {
        "_TargetName_"  : "ml_indicator" ,
        "_DataRole_"  : "TEST" ,
        "_formattedPartition_"  : "2" ,
        "_Column_"  : "P_ml_indicator1" ,
        "_Event_"  : "1" ,
        "analytic_partition"  : "2" ,
        "_Depth_"  : "15" ,
        "_Value_"  : "0.0572203185" ,
        "_NObs_"  : "72" ,
        "_NEvents_"  : "7" ,
        "_NEventsBest_"  : "0" ,
        "_Resp_"  : "10" ,
        "_RespBest_"  : "0" ,
        "_Lift_"  : "2" ,
        "_LiftBest_"  : "0" ,
        "_CumResp_"  : "91.428571429" ,
        "_CumRespBest_"  : "100" ,
        "_CumLift_"  : "6.0952380952" ,
        "_CumLiftBest_"  : "6.6666666667" ,
        "_PctResp_"  : "9.7222222222" ,
        "_PctRespBest_"  : "0" ,
        "_CumPctResp_"  : "29.62962963" ,
        "_CumPctRespBest_"  : "32.407407407" ,
        "_Gain_"  : "5.0952380952" ,
        "_GainBest_"  : "5.6666666667"
        },
      "rowNumber" : 46
      },
      {
      "dataMap" : {
        "_TargetName_"  : "ml_indicator" ,
        "_DataRole_"  : "TEST" ,
        "_formattedPartition_"  : "2" ,
        "_Column_"  : "P_ml_indicator1" ,
        "_Event_"  : "1" ,
        "analytic_partition"  : "2" ,
        "_Depth_"  : "20" ,
        "_Value_"  : "0.0320833569" ,
        "_NObs_"  : "71" ,
        "_NEvents_"  : "1" ,
        "_NEventsBest_"  : "0" ,
        "_Resp_"  : "1.4285714286" ,
        "_RespBest_"  : "0" ,
        "_Lift_"  : "0.2857142857" ,
        "_LiftBest_"  : "0" ,
        "_CumResp_"  : "92.857142857" ,
        "_CumRespBest_"  : "100" ,
        "_CumLift_"  : "4.6428571429" ,
        "_CumLiftBest_"  : "5" ,
        "_PctResp_"  : "1.4084507042" ,
        "_PctRespBest_"  : "0" ,
        "_CumPctResp_"  : "22.648083624" ,
        "_CumPctRespBest_"  : "24.390243902" ,
        "_Gain_"  : "3.6428571429" ,
        "_GainBest_"  : "4"
        },
      "rowNumber" : 47
      },
      {
      "dataMap" : {
        "_TargetName_"  : "ml_indicator" ,
        "_DataRole_"  : "TEST" ,
        "_formattedPartition_"  : "2" ,
        "_Column_"  : "P_ml_indicator1" ,
        "_Event_"  : "1" ,
        "analytic_partition"  : "2" ,
        "_Depth_"  : "25" ,
        "_Value_"  : "0.0195864393" ,
        "_NObs_"  : "72" ,
        "_NEvents_"  : "1" ,
        "_NEventsBest_"  : "0" ,
        "_Resp_"  : "1.4285714286" ,
        "_RespBest_"  : "0" ,
        "_Lift_"  : "0.2857142857" ,
        "_LiftBest_"  : "0" ,
        "_CumResp_"  : "94.285714286" ,
        "_CumRespBest_"  : "100" ,
        "_CumLift_"  : "3.7714285714" ,
        "_CumLiftBest_"  : "4" ,
        "_PctResp_"  : "1.3888888889" ,
        "_PctRespBest_"  : "0" ,
        "_CumPctResp_"  : "18.384401114" ,
        "_CumPctRespBest_"  : "19.498607242" ,
        "_Gain_"  : "2.7714285714" ,
        "_GainBest_"  : "3"
        },
      "rowNumber" : 48
      },
      {
      "dataMap" : {
        "_TargetName_"  : "ml_indicator" ,
        "_DataRole_"  : "TEST" ,
        "_formattedPartition_"  : "2" ,
        "_Column_"  : "P_ml_indicator1" ,
        "_Event_"  : "1" ,
        "analytic_partition"  : "2" ,
        "_Depth_"  : "30" ,
        "_Value_"  : "0.0135733419" ,
        "_NObs_"  : "71" ,
        "_NEvents_"  : "3" ,
        "_NEventsBest_"  : "0" ,
        "_Resp_"  : "4.2857142857" ,
        "_RespBest_"  : "0" ,
        "_Lift_"  : "0.8571428571" ,
        "_LiftBest_"  : "0" ,
        "_CumResp_"  : "98.571428571" ,
        "_CumRespBest_"  : "100" ,
        "_CumLift_"  : "3.2857142857" ,
        "_CumLiftBest_"  : "3.3333333333" ,
        "_PctResp_"  : "4.2253521127" ,
        "_PctRespBest_"  : "0" ,
        "_CumPctResp_"  : "16.046511628" ,
        "_CumPctRespBest_"  : "16.279069767" ,
        "_Gain_"  : "2.2857142857" ,
        "_GainBest_"  : "2.3333333333"
        },
      "rowNumber" : 49
      },
      {
      "dataMap" : {
        "_TargetName_"  : "ml_indicator" ,
        "_DataRole_"  : "TEST" ,
        "_formattedPartition_"  : "2" ,
        "_Column_"  : "P_ml_indicator1" ,
        "_Event_"  : "1" ,
        "analytic_partition"  : "2" ,
        "_Depth_"  : "35" ,
        "_Value_"  : "0.0087809875" ,
        "_NObs_"  : "72" ,
        "_NEvents_"  : "0" ,
        "_NEventsBest_"  : "0" ,
        "_Resp_"  : "0" ,
        "_RespBest_"  : "0" ,
        "_Lift_"  : "0" ,
        "_LiftBest_"  : "0" ,
        "_CumResp_"  : "98.571428571" ,
        "_CumRespBest_"  : "100" ,
        "_CumLift_"  : "2.8163265306" ,
        "_CumLiftBest_"  : "2.8571428571" ,
        "_PctResp_"  : "0" ,
        "_PctRespBest_"  : "0" ,
        "_CumPctResp_"  : "13.74501992" ,
        "_CumPctRespBest_"  : "13.944223108" ,
        "_Gain_"  : "1.8163265306" ,
        "_GainBest_"  : "1.8571428571"
        },
      "rowNumber" : 50
      },
      {
      "dataMap" : {
        "_TargetName_"  : "ml_indicator" ,
        "_DataRole_"  : "TEST" ,
        "_formattedPartition_"  : "2" ,
        "_Column_"  : "P_ml_indicator1" ,
        "_Event_"  : "1" ,
        "analytic_partition"  : "2" ,
        "_Depth_"  : "40" ,
        "_Value_"  : "0.0060024086" ,
        "_NObs_"  : "71" ,
        "_NEvents_"  : "0" ,
        "_NEventsBest_"  : "0" ,
        "_Resp_"  : "0" ,
        "_RespBest_"  : "0" ,
        "_Lift_"  : "0" ,
        "_LiftBest_"  : "0" ,
        "_CumResp_"  : "98.571428571" ,
        "_CumRespBest_"  : "100" ,
        "_CumLift_"  : "2.4642857143" ,
        "_CumLiftBest_"  : "2.5" ,
        "_PctResp_"  : "0" ,
        "_PctRespBest_"  : "0" ,
        "_CumPctResp_"  : "12.041884817" ,
        "_CumPctRespBest_"  : "12.216404887" ,
        "_Gain_"  : "1.4642857143" ,
        "_GainBest_"  : "1.5"
        },
      "rowNumber" : 51
      },
      {
      "dataMap" : {
        "_TargetName_"  : "ml_indicator" ,
        "_DataRole_"  : "TEST" ,
        "_formattedPartition_"  : "2" ,
        "_Column_"  : "P_ml_indicator1" ,
        "_Event_"  : "1" ,
        "analytic_partition"  : "2" ,
        "_Depth_"  : "45" ,
        "_Value_"  : "0.0043705409" ,
        "_NObs_"  : "72" ,
        "_NEvents_"  : "0" ,
        "_NEventsBest_"  : "0" ,
        "_Resp_"  : "0" ,
        "_RespBest_"  : "0" ,
        "_Lift_"  : "0" ,
        "_LiftBest_"  : "0" ,
        "_CumResp_"  : "98.571428571" ,
        "_CumRespBest_"  : "100" ,
        "_CumLift_"  : "2.1904761905" ,
        "_CumLiftBest_"  : "2.2222222222" ,
        "_PctResp_"  : "0" ,
        "_PctRespBest_"  : "0" ,
        "_CumPctResp_"  : "10.697674419" ,
        "_CumPctRespBest_"  : "10.852713178" ,
        "_Gain_"  : "1.1904761905" ,
        "_GainBest_"  : "1.2222222222"
        },
      "rowNumber" : 52
      },
      {
      "dataMap" : {
        "_TargetName_"  : "ml_indicator" ,
        "_DataRole_"  : "TEST" ,
        "_formattedPartition_"  : "2" ,
        "_Column_"  : "P_ml_indicator1" ,
        "_Event_"  : "1" ,
        "analytic_partition"  : "2" ,
        "_Depth_"  : "50" ,
        "_Value_"  : "0.0032586046" ,
        "_NObs_"  : "71" ,
        "_NEvents_"  : "1" ,
        "_NEventsBest_"  : "0" ,
        "_Resp_"  : "1.4285714286" ,
        "_RespBest_"  : "0" ,
        "_Lift_"  : "0.2857142857" ,
        "_LiftBest_"  : "0" ,
        "_CumResp_"  : "100" ,
        "_CumRespBest_"  : "100" ,
        "_CumLift_"  : "2" ,
        "_CumLiftBest_"  : "2" ,
        "_PctResp_"  : "1.4084507042" ,
        "_PctRespBest_"  : "0" ,
        "_CumPctResp_"  : "9.7765363128" ,
        "_CumPctRespBest_"  : "9.7765363128" ,
        "_Gain_"  : "1" ,
        "_GainBest_"  : "1"
        },
      "rowNumber" : 53
      },
      {
      "dataMap" : {
        "_TargetName_"  : "ml_indicator" ,
        "_DataRole_"  : "TEST" ,
        "_formattedPartition_"  : "2" ,
        "_Column_"  : "P_ml_indicator1" ,
        "_Event_"  : "1" ,
        "analytic_partition"  : "2" ,
        "_Depth_"  : "55" ,
        "_Value_"  : "0.0023331137" ,
        "_NObs_"  : "72" ,
        "_NEvents_"  : "0" ,
        "_NEventsBest_"  : "0" ,
        "_Resp_"  : "0" ,
        "_RespBest_"  : "0" ,
        "_Lift_"  : "0" ,
        "_LiftBest_"  : "0" ,
        "_CumResp_"  : "100" ,
        "_CumRespBest_"  : "100" ,
        "_CumLift_"  : "1.8181818182" ,
        "_CumLiftBest_"  : "1.8181818182" ,
        "_PctResp_"  : "0" ,
        "_PctRespBest_"  : "0" ,
        "_CumPctResp_"  : "8.883248731" ,
        "_CumPctRespBest_"  : "8.883248731" ,
        "_Gain_"  : "0.8181818182" ,
        "_GainBest_"  : "0.8181818182"
        },
      "rowNumber" : 54
      },
      {
      "dataMap" : {
        "_TargetName_"  : "ml_indicator" ,
        "_DataRole_"  : "TEST" ,
        "_formattedPartition_"  : "2" ,
        "_Column_"  : "P_ml_indicator1" ,
        "_Event_"  : "1" ,
        "analytic_partition"  : "2" ,
        "_Depth_"  : "60" ,
        "_Value_"  : "0.0015923795" ,
        "_NObs_"  : "71" ,
        "_NEvents_"  : "0" ,
        "_NEventsBest_"  : "0" ,
        "_Resp_"  : "0" ,
        "_RespBest_"  : "0" ,
        "_Lift_"  : "0" ,
        "_LiftBest_"  : "0" ,
        "_CumResp_"  : "100" ,
        "_CumRespBest_"  : "100" ,
        "_CumLift_"  : "1.6666666667" ,
        "_CumLiftBest_"  : "1.6666666667" ,
        "_PctResp_"  : "0" ,
        "_PctRespBest_"  : "0" ,
        "_CumPctResp_"  : "8.1490104773" ,
        "_CumPctRespBest_"  : "8.1490104773" ,
        "_Gain_"  : "0.6666666667" ,
        "_GainBest_"  : "0.6666666667"
        },
      "rowNumber" : 55
      },
      {
      "dataMap" : {
        "_TargetName_"  : "ml_indicator" ,
        "_DataRole_"  : "TEST" ,
        "_formattedPartition_"  : "2" ,
        "_Column_"  : "P_ml_indicator1" ,
        "_Event_"  : "1" ,
        "analytic_partition"  : "2" ,
        "_Depth_"  : "65" ,
        "_Value_"  : "0.0012637049" ,
        "_NObs_"  : "72" ,
        "_NEvents_"  : "0" ,
        "_NEventsBest_"  : "0" ,
        "_Resp_"  : "0" ,
        "_RespBest_"  : "0" ,
        "_Lift_"  : "0" ,
        "_LiftBest_"  : "0" ,
        "_CumResp_"  : "100" ,
        "_CumRespBest_"  : "100" ,
        "_CumLift_"  : "1.5384615385" ,
        "_CumLiftBest_"  : "1.5384615385" ,
        "_PctResp_"  : "0" ,
        "_PctRespBest_"  : "0" ,
        "_CumPctResp_"  : "7.5187969925" ,
        "_CumPctRespBest_"  : "7.5187969925" ,
        "_Gain_"  : "0.5384615385" ,
        "_GainBest_"  : "0.5384615385"
        },
      "rowNumber" : 56
      },
      {
      "dataMap" : {
        "_TargetName_"  : "ml_indicator" ,
        "_DataRole_"  : "TEST" ,
        "_formattedPartition_"  : "2" ,
        "_Column_"  : "P_ml_indicator1" ,
        "_Event_"  : "1" ,
        "analytic_partition"  : "2" ,
        "_Depth_"  : "70" ,
        "_Value_"  : "0.0009129752" ,
        "_NObs_"  : "71" ,
        "_NEvents_"  : "0" ,
        "_NEventsBest_"  : "0" ,
        "_Resp_"  : "0" ,
        "_RespBest_"  : "0" ,
        "_Lift_"  : "0" ,
        "_LiftBest_"  : "0" ,
        "_CumResp_"  : "100" ,
        "_CumRespBest_"  : "100" ,
        "_CumLift_"  : "1.4285714286" ,
        "_CumLiftBest_"  : "1.4285714286" ,
        "_PctResp_"  : "0" ,
        "_PctRespBest_"  : "0" ,
        "_CumPctResp_"  : "6.9860279441" ,
        "_CumPctRespBest_"  : "6.9860279441" ,
        "_Gain_"  : "0.4285714286" ,
        "_GainBest_"  : "0.4285714286"
        },
      "rowNumber" : 57
      },
      {
      "dataMap" : {
        "_TargetName_"  : "ml_indicator" ,
        "_DataRole_"  : "TEST" ,
        "_formattedPartition_"  : "2" ,
        "_Column_"  : "P_ml_indicator1" ,
        "_Event_"  : "1" ,
        "analytic_partition"  : "2" ,
        "_Depth_"  : "75" ,
        "_Value_"  : "0.0006365707" ,
        "_NObs_"  : "72" ,
        "_NEvents_"  : "0" ,
        "_NEventsBest_"  : "0" ,
        "_Resp_"  : "0" ,
        "_RespBest_"  : "0" ,
        "_Lift_"  : "0" ,
        "_LiftBest_"  : "0" ,
        "_CumResp_"  : "100" ,
        "_CumRespBest_"  : "100" ,
        "_CumLift_"  : "1.3333333333" ,
        "_CumLiftBest_"  : "1.3333333333" ,
        "_PctResp_"  : "0" ,
        "_PctRespBest_"  : "0" ,
        "_CumPctResp_"  : "6.5176908752" ,
        "_CumPctRespBest_"  : "6.5176908752" ,
        "_Gain_"  : "0.3333333333" ,
        "_GainBest_"  : "0.3333333333"
        },
      "rowNumber" : 58
      },
      {
      "dataMap" : {
        "_TargetName_"  : "ml_indicator" ,
        "_DataRole_"  : "TEST" ,
        "_formattedPartition_"  : "2" ,
        "_Column_"  : "P_ml_indicator1" ,
        "_Event_"  : "1" ,
        "analytic_partition"  : "2" ,
        "_Depth_"  : "80" ,
        "_Value_"  : "0.0004449946" ,
        "_NObs_"  : "71" ,
        "_NEvents_"  : "0" ,
        "_NEventsBest_"  : "0" ,
        "_Resp_"  : "0" ,
        "_RespBest_"  : "0" ,
        "_Lift_"  : "0" ,
        "_LiftBest_"  : "0" ,
        "_CumResp_"  : "100" ,
        "_CumRespBest_"  : "100" ,
        "_CumLift_"  : "1.25" ,
        "_CumLiftBest_"  : "1.25" ,
        "_PctResp_"  : "0" ,
        "_PctRespBest_"  : "0" ,
        "_CumPctResp_"  : "6.1135371179" ,
        "_CumPctRespBest_"  : "6.1135371179" ,
        "_Gain_"  : "0.25" ,
        "_GainBest_"  : "0.25"
        },
      "rowNumber" : 59
      },
      {
      "dataMap" : {
        "_TargetName_"  : "ml_indicator" ,
        "_DataRole_"  : "TEST" ,
        "_formattedPartition_"  : "2" ,
        "_Column_"  : "P_ml_indicator1" ,
        "_Event_"  : "1" ,
        "analytic_partition"  : "2" ,
        "_Depth_"  : "85" ,
        "_Value_"  : "0.0002533184" ,
        "_NObs_"  : "72" ,
        "_NEvents_"  : "0" ,
        "_NEventsBest_"  : "0" ,
        "_Resp_"  : "0" ,
        "_RespBest_"  : "0" ,
        "_Lift_"  : "0" ,
        "_LiftBest_"  : "0" ,
        "_CumResp_"  : "100" ,
        "_CumRespBest_"  : "100" ,
        "_CumLift_"  : "1.1764705882" ,
        "_CumLiftBest_"  : "1.1764705882" ,
        "_PctResp_"  : "0" ,
        "_PctRespBest_"  : "0" ,
        "_CumPctResp_"  : "5.7518488085" ,
        "_CumPctRespBest_"  : "5.7518488085" ,
        "_Gain_"  : "0.1764705882" ,
        "_GainBest_"  : "0.1764705882"
        },
      "rowNumber" : 60
      },
      {
      "dataMap" : {
        "_TargetName_"  : "ml_indicator" ,
        "_DataRole_"  : "TEST" ,
        "_formattedPartition_"  : "2" ,
        "_Column_"  : "P_ml_indicator1" ,
        "_Event_"  : "1" ,
        "analytic_partition"  : "2" ,
        "_Depth_"  : "90" ,
        "_Value_"  : "0.0001641319" ,
        "_NObs_"  : "71" ,
        "_NEvents_"  : "0" ,
        "_NEventsBest_"  : "0" ,
        "_Resp_"  : "0" ,
        "_RespBest_"  : "0" ,
        "_Lift_"  : "0" ,
        "_LiftBest_"  : "0" ,
        "_CumResp_"  : "100" ,
        "_CumRespBest_"  : "100" ,
        "_CumLift_"  : "1.1111111111" ,
        "_CumLiftBest_"  : "1.1111111111" ,
        "_PctResp_"  : "0" ,
        "_PctRespBest_"  : "0" ,
        "_CumPctResp_"  : "5.4347826087" ,
        "_CumPctRespBest_"  : "5.4347826087" ,
        "_Gain_"  : "0.1111111111" ,
        "_GainBest_"  : "0.1111111111"
        },
      "rowNumber" : 61
      },
      {
      "dataMap" : {
        "_TargetName_"  : "ml_indicator" ,
        "_DataRole_"  : "TEST" ,
        "_formattedPartition_"  : "2" ,
        "_Column_"  : "P_ml_indicator1" ,
        "_Event_"  : "1" ,
        "analytic_partition"  : "2" ,
        "_Depth_"  : "95" ,
        "_Value_"  : "0.0000689407" ,
        "_NObs_"  : "72" ,
        "_NEvents_"  : "0" ,
        "_NEventsBest_"  : "0" ,
        "_Resp_"  : "0" ,
        "_RespBest_"  : "0" ,
        "_Lift_"  : "0" ,
        "_LiftBest_"  : "0" ,
        "_CumResp_"  : "100" ,
        "_CumRespBest_"  : "100" ,
        "_CumLift_"  : "1.0526315789" ,
        "_CumLiftBest_"  : "1.0526315789" ,
        "_PctResp_"  : "0" ,
        "_PctRespBest_"  : "0" ,
        "_CumPctResp_"  : "5.1470588235" ,
        "_CumPctRespBest_"  : "5.1470588235" ,
        "_Gain_"  : "0.0526315789" ,
        "_GainBest_"  : "0.0526315789"
        },
      "rowNumber" : 62
      },
      {
      "dataMap" : {
        "_TargetName_"  : "ml_indicator" ,
        "_DataRole_"  : "TEST" ,
        "_formattedPartition_"  : "2" ,
        "_Column_"  : "P_ml_indicator1" ,
        "_Event_"  : "1" ,
        "analytic_partition"  : "2" ,
        "_Depth_"  : "100" ,
        "_Value_"  : "0.0000214937" ,
        "_NObs_"  : "70" ,
        "_NEvents_"  : "0" ,
        "_NEventsBest_"  : "0" ,
        "_Resp_"  : "0" ,
        "_RespBest_"  : "0" ,
        "_Lift_"  : "0" ,
        "_LiftBest_"  : "0" ,
        "_CumResp_"  : "100" ,
        "_CumRespBest_"  : "100" ,
        "_CumLift_"  : "1" ,
        "_CumLiftBest_"  : "1" ,
        "_PctResp_"  : "0" ,
        "_PctRespBest_"  : "0" ,
        "_CumPctResp_"  : "4.8951048951" ,
        "_CumPctRespBest_"  : "4.8951048951" ,
        "_Gain_"  : "0" ,
        "_GainBest_"  : "0"
        },
      "rowNumber" : 63
      }
     ],
  "xInteger" : false,
  "yInteger" : false
}
