{                             
  "creationTimeStamp" : "2024-06-25T03:22:12Z" ,
  "modifiedTimeStamp" : "2024-06-25T03:22:12Z" ,
  "revision" : 0,
  "name" : "dmcas_fitstat",
  "version" : 0,
  "order" : 0,
  "parameterMap" : {
      "_TargetName_"  : {
        "label"  : "_TargetName_" ,
        "length"  : 12 ,
        "order"  : 1 ,
        "parameter"  : "_TargetName_" ,
        "preformatted"  : "false" ,
        "type"  : "char" ,
        "values"  : ["_TargetName_" ]
      },
      "_DataRole_"  : {
        "label"  : "_DataRole_" ,
        "length"  : 10 ,
        "order"  : 2 ,
        "parameter"  : "_DataRole_" ,
        "preformatted"  : "false" ,
        "type"  : "char" ,
        "values"  : ["_DataRole_" ]
      },
      "_formattedPartition_"  : {
        "label"  : "Formatted Partition" ,
        "length"  : 12 ,
        "order"  : 3 ,
        "parameter"  : "_formattedPartition_" ,
        "preformatted"  : "false" ,
        "type"  : "char" ,
        "values"  : ["_formattedPartition_" ]
      },
      "analytic_partition"  : {
        "label"  : "analytic_partition" ,
        "length"  : 8 ,
        "order"  : 4 ,
        "parameter"  : "analytic_partition" ,
        "preformatted"  : "false" ,
        "type"  : "num" ,
        "values"  : ["analytic_partition" ]
      },
      "_NObs_"  : {
        "label"  : "Number of Observations" ,
        "length"  : 8 ,
        "order"  : 5 ,
        "parameter"  : "_NObs_" ,
        "preformatted"  : "false" ,
        "type"  : "num" ,
        "values"  : ["_NObs_" ]
      },
      "_ASE_"  : {
        "label"  : "Average Squared Error" ,
        "length"  : 8 ,
        "order"  : 6 ,
        "parameter"  : "_ASE_" ,
        "preformatted"  : "false" ,
        "type"  : "num" ,
        "values"  : ["_ASE_" ]
      },
      "_DIV_"  : {
        "label"  : "Divisor for ASE" ,
        "length"  : 8 ,
        "order"  : 7 ,
        "parameter"  : "_DIV_" ,
        "preformatted"  : "false" ,
        "type"  : "num" ,
        "values"  : ["_DIV_" ]
      },
      "_RASE_"  : {
        "label"  : "Root Average Squared Error" ,
        "length"  : 8 ,
        "order"  : 8 ,
        "parameter"  : "_RASE_" ,
        "preformatted"  : "false" ,
        "type"  : "num" ,
        "values"  : ["_RASE_" ]
      },
      "_MCE_"  : {
        "label"  : "Misclassification (MCE)" ,
        "length"  : 8 ,
        "order"  : 9 ,
        "parameter"  : "_MCE_" ,
        "preformatted"  : "false" ,
        "type"  : "num" ,
        "values"  : ["_MCE_" ]
      },
      "_MCLL_"  : {
        "label"  : "Multi-Class Log Loss" ,
        "length"  : 8 ,
        "order"  : 10 ,
        "parameter"  : "_MCLL_" ,
        "preformatted"  : "false" ,
        "type"  : "num" ,
        "values"  : ["_MCLL_" ]
      }
    },
    "data" : [ 
      {
      "dataMap" : {
        "_TargetName_"  : "ml_indicator" ,
        "_DataRole_"  : "VALIDATE" ,
        "_formattedPartition_"  : "0" ,
        "analytic_partition"  : "0" ,
        "_NObs_"  : "4291" ,
        "_ASE_"  : "0.0268148265" ,
        "_DIV_"  : "4291" ,
        "_RASE_"  : "0.1637523328" ,
        "_MCE_"  : "0.036355162" ,
        "_MCLL_"  : "0.0957392785"
        },
      "rowNumber" : 1
      },
      {
      "dataMap" : {
        "_TargetName_"  : "ml_indicator" ,
        "_DataRole_"  : "TRAIN" ,
        "_formattedPartition_"  : "1" ,
        "analytic_partition"  : "1" ,
        "_NObs_"  : "8581" ,
        "_ASE_"  : "0.0257505887" ,
        "_DIV_"  : "8581" ,
        "_RASE_"  : "0.1604698998" ,
        "_MCE_"  : "0.0335625219" ,
        "_MCLL_"  : "0.0935831324"
        },
      "rowNumber" : 2
      },
      {
      "dataMap" : {
        "_TargetName_"  : "ml_indicator" ,
        "_DataRole_"  : "TEST" ,
        "_formattedPartition_"  : "2" ,
        "analytic_partition"  : "2" ,
        "_NObs_"  : "1430" ,
        "_ASE_"  : "0.0283212126" ,
        "_DIV_"  : "1430" ,
        "_RASE_"  : "0.1682890745" ,
        "_MCE_"  : "0.0377622378" ,
        "_MCLL_"  : "0.0978198743"
        },
      "rowNumber" : 3
      }
     ],
  "xInteger" : false,
  "yInteger" : false
}
