{                             
  "creationTimeStamp" : "2024-06-25T03:22:12Z" ,
  "modifiedTimeStamp" : "2024-06-25T03:22:12Z" ,
  "revision" : 0,
  "name" : "dmcas_misc",
  "version" : 0,
  "order" : 0,
  "parameterMap" : {
      "_DataRole_"  : {
        "label"  : "_DataRole_" ,
        "length"  : 10 ,
        "order"  : 1 ,
        "parameter"  : "_DataRole_" ,
        "preformatted"  : "false" ,
        "type"  : "char" ,
        "values"  : ["_DataRole_" ]
      },
      "_TargetName_"  : {
        "label"  : "_TargetName_" ,
        "length"  : 12 ,
        "order"  : 2 ,
        "parameter"  : "_TargetName_" ,
        "preformatted"  : "false" ,
        "type"  : "char" ,
        "values"  : ["_TargetName_" ]
      },
      "_cutoffSource_"  : {
        "label"  : "_cutoffSource_" ,
        "length"  : 8 ,
        "order"  : 3 ,
        "parameter"  : "_cutoffSource_" ,
        "preformatted"  : "false" ,
        "type"  : "char" ,
        "values"  : ["_cutoffSource_" ]
      },
      "Target"  : {
        "label"  : "Target" ,
        "length"  : 256 ,
        "order"  : 4 ,
        "parameter"  : "Target" ,
        "preformatted"  : "false" ,
        "type"  : "char" ,
        "values"  : ["Target" ]
      },
      "TargetText"  : {
        "label"  : "TargetText" ,
        "length"  : 12 ,
        "order"  : 5 ,
        "parameter"  : "TargetText" ,
        "preformatted"  : "false" ,
        "type"  : "char" ,
        "values"  : ["TargetText" ]
      },
      "Outcome"  : {
        "label"  : "Outcome" ,
        "length"  : 256 ,
        "order"  : 6 ,
        "parameter"  : "Outcome" ,
        "preformatted"  : "false" ,
        "type"  : "char" ,
        "values"  : ["Outcome" ]
      },
      "OutcomeText"  : {
        "label"  : "OutcomeText" ,
        "length"  : 12 ,
        "order"  : 7 ,
        "parameter"  : "OutcomeText" ,
        "preformatted"  : "false" ,
        "type"  : "char" ,
        "values"  : ["OutcomeText" ]
      },
      "CorrectText"  : {
        "label"  : "CorrectText" ,
        "length"  : 12 ,
        "order"  : 8 ,
        "parameter"  : "CorrectText" ,
        "preformatted"  : "false" ,
        "type"  : "char" ,
        "values"  : ["CorrectText" ]
      },
      "_cutoff_"  : {
        "label"  : "Cutoff" ,
        "length"  : 8 ,
        "order"  : 9 ,
        "parameter"  : "_cutoff_" ,
        "preformatted"  : "false" ,
        "type"  : "num" ,
        "values"  : ["_cutoff_" ]
      },
      "_Percent_"  : {
        "label"  : "_Percent_" ,
        "length"  : 8 ,
        "order"  : 10 ,
        "parameter"  : "_Percent_" ,
        "preformatted"  : "false" ,
        "type"  : "num" ,
        "values"  : ["_Percent_" ]
      },
      "_Count_"  : {
        "label"  : "_Count_" ,
        "length"  : 8 ,
        "order"  : 11 ,
        "parameter"  : "_Count_" ,
        "preformatted"  : "false" ,
        "type"  : "num" ,
        "values"  : ["_Count_" ]
      }
    },
    "data" : [ 
      {
      "dataMap" : {
        "_DataRole_"  : "VALIDATE" ,
        "_TargetName_"  : "ml_indicator" ,
        "_cutoffSource_"  : "Default" ,
        "Target"  : "1" ,
        "TargetText"  : "Event" ,
        "Outcome"  : "1" ,
        "OutcomeText"  : "Event" ,
        "CorrectText"  : "CORRECT" ,
        "_cutoff_"  : "0.5" ,
        "_Percent_"  : "47.767857143" ,
        "_Count_"  : "107"
        },
      "rowNumber" : 1
      },
      {
      "dataMap" : {
        "_DataRole_"  : "VALIDATE" ,
        "_TargetName_"  : "ml_indicator" ,
        "_cutoffSource_"  : "Default" ,
        "Target"  : "1" ,
        "TargetText"  : "Event" ,
        "Outcome"  : "0" ,
        "OutcomeText"  : "NEvent" ,
        "CorrectText"  : "INCORRECT" ,
        "_cutoff_"  : "0.5" ,
        "_Percent_"  : "52.232142857" ,
        "_Count_"  : "117"
        },
      "rowNumber" : 2
      },
      {
      "dataMap" : {
        "_DataRole_"  : "VALIDATE" ,
        "_TargetName_"  : "ml_indicator" ,
        "_cutoffSource_"  : "Default" ,
        "Target"  : "0" ,
        "TargetText"  : "NEvent" ,
        "Outcome"  : "0" ,
        "OutcomeText"  : "NEvent" ,
        "CorrectText"  : "CORRECT" ,
        "_cutoff_"  : "0.5" ,
        "_Percent_"  : "99.041062208" ,
        "_Count_"  : "4028"
        },
      "rowNumber" : 3
      },
      {
      "dataMap" : {
        "_DataRole_"  : "VALIDATE" ,
        "_TargetName_"  : "ml_indicator" ,
        "_cutoffSource_"  : "Default" ,
        "Target"  : "0" ,
        "TargetText"  : "NEvent" ,
        "Outcome"  : "1" ,
        "OutcomeText"  : "Event" ,
        "CorrectText"  : "INCORRECT" ,
        "_cutoff_"  : "0.5" ,
        "_Percent_"  : "0.958937792" ,
        "_Count_"  : "39"
        },
      "rowNumber" : 4
      },
      {
      "dataMap" : {
        "_DataRole_"  : "TRAIN" ,
        "_TargetName_"  : "ml_indicator" ,
        "_cutoffSource_"  : "Default" ,
        "Target"  : "1" ,
        "TargetText"  : "Event" ,
        "Outcome"  : "1" ,
        "OutcomeText"  : "Event" ,
        "CorrectText"  : "CORRECT" ,
        "_cutoff_"  : "0.5" ,
        "_Percent_"  : "47.630331754" ,
        "_Count_"  : "201"
        },
      "rowNumber" : 5
      },
      {
      "dataMap" : {
        "_DataRole_"  : "TRAIN" ,
        "_TargetName_"  : "ml_indicator" ,
        "_cutoffSource_"  : "Default" ,
        "Target"  : "1" ,
        "TargetText"  : "Event" ,
        "Outcome"  : "0" ,
        "OutcomeText"  : "NEvent" ,
        "CorrectText"  : "INCORRECT" ,
        "_cutoff_"  : "0.5" ,
        "_Percent_"  : "52.369668246" ,
        "_Count_"  : "221"
        },
      "rowNumber" : 6
      },
      {
      "dataMap" : {
        "_DataRole_"  : "TRAIN" ,
        "_TargetName_"  : "ml_indicator" ,
        "_cutoffSource_"  : "Default" ,
        "Target"  : "0" ,
        "TargetText"  : "NEvent" ,
        "Outcome"  : "0" ,
        "OutcomeText"  : "NEvent" ,
        "CorrectText"  : "CORRECT" ,
        "_cutoff_"  : "0.5" ,
        "_Percent_"  : "99.178820934" ,
        "_Count_"  : "8092"
        },
      "rowNumber" : 7
      },
      {
      "dataMap" : {
        "_DataRole_"  : "TRAIN" ,
        "_TargetName_"  : "ml_indicator" ,
        "_cutoffSource_"  : "Default" ,
        "Target"  : "0" ,
        "TargetText"  : "NEvent" ,
        "Outcome"  : "1" ,
        "OutcomeText"  : "Event" ,
        "CorrectText"  : "INCORRECT" ,
        "_cutoff_"  : "0.5" ,
        "_Percent_"  : "0.8211790661" ,
        "_Count_"  : "67"
        },
      "rowNumber" : 8
      },
      {
      "dataMap" : {
        "_DataRole_"  : "TEST" ,
        "_TargetName_"  : "ml_indicator" ,
        "_cutoffSource_"  : "Default" ,
        "Target"  : "1" ,
        "TargetText"  : "Event" ,
        "Outcome"  : "1" ,
        "OutcomeText"  : "Event" ,
        "CorrectText"  : "CORRECT" ,
        "_cutoff_"  : "0.5" ,
        "_Percent_"  : "44.285714286" ,
        "_Count_"  : "31"
        },
      "rowNumber" : 9
      },
      {
      "dataMap" : {
        "_DataRole_"  : "TEST" ,
        "_TargetName_"  : "ml_indicator" ,
        "_cutoffSource_"  : "Default" ,
        "Target"  : "1" ,
        "TargetText"  : "Event" ,
        "Outcome"  : "0" ,
        "OutcomeText"  : "NEvent" ,
        "CorrectText"  : "INCORRECT" ,
        "_cutoff_"  : "0.5" ,
        "_Percent_"  : "55.714285714" ,
        "_Count_"  : "39"
        },
      "rowNumber" : 10
      },
      {
      "dataMap" : {
        "_DataRole_"  : "TEST" ,
        "_TargetName_"  : "ml_indicator" ,
        "_cutoffSource_"  : "Default" ,
        "Target"  : "0" ,
        "TargetText"  : "NEvent" ,
        "Outcome"  : "0" ,
        "OutcomeText"  : "NEvent" ,
        "CorrectText"  : "CORRECT" ,
        "_cutoff_"  : "0.5" ,
        "_Percent_"  : "98.897058824" ,
        "_Count_"  : "1345"
        },
      "rowNumber" : 11
      },
      {
      "dataMap" : {
        "_DataRole_"  : "TEST" ,
        "_TargetName_"  : "ml_indicator" ,
        "_cutoffSource_"  : "Default" ,
        "Target"  : "0" ,
        "TargetText"  : "NEvent" ,
        "Outcome"  : "1" ,
        "OutcomeText"  : "Event" ,
        "CorrectText"  : "INCORRECT" ,
        "_cutoff_"  : "0.5" ,
        "_Percent_"  : "1.1029411765" ,
        "_Count_"  : "15"
        },
      "rowNumber" : 12
      }
     ],
  "xInteger" : false,
  "yInteger" : false
}
