﻿<?xml version="1.0" encoding="utf-8" ?>
<TABLE>
   <INPUT>
      <COLUMN name="NAME" value="address_change_2x_indicator" />
      <COLUMN name="TYPE" value="N" />
      <COLUMN name="LENGTH" value="8" />
      <COLUMN name="LABEL" missing=" " />
      <COLUMN name="FORMAT" missing=" " />
      <COLUMN name="LEVEL" value="Interval" />
      <COLUMN name="ROLE" value="INPUT" />
      <COLUMN name="FormatName" missing=" " />
   </INPUT>
   <INPUT>
      <COLUMN name="NAME" value="checking_only_indicator" />
      <COLUMN name="TYPE" value="N" />
      <COLUMN name="LENGTH" value="8" />
      <COLUMN name="LABEL" missing=" " />
      <COLUMN name="FORMAT" missing=" " />
      <COLUMN name="LEVEL" value="Interval" />
      <COLUMN name="ROLE" value="INPUT" />
      <COLUMN name="FormatName" missing=" " />
   </INPUT>
   <INPUT>
      <COLUMN name="NAME" value="citizenship_country_risk" />
      <COLUMN name="TYPE" value="N" />
      <COLUMN name="LENGTH" value="8" />
      <COLUMN name="LABEL" missing=" " />
      <COLUMN name="FORMAT" missing=" " />
      <COLUMN name="LEVEL" value="Interval" />
      <COLUMN name="ROLE" value="INPUT" />
      <COLUMN name="FormatName" missing=" " />
   </INPUT>
   <INPUT>
      <COLUMN name="NAME" value="cross_border_trx_indicator" />
      <COLUMN name="TYPE" value="N" />
      <COLUMN name="LENGTH" value="8" />
      <COLUMN name="LABEL" missing=" " />
      <COLUMN name="FORMAT" missing=" " />
      <COLUMN name="LEVEL" value="Interval" />
      <COLUMN name="ROLE" value="INPUT" />
      <COLUMN name="FormatName" missing=" " />
   </INPUT>
   <INPUT>
      <COLUMN name="NAME" value="distance_to_bank" />
      <COLUMN name="TYPE" value="N" />
      <COLUMN name="LENGTH" value="8" />
      <COLUMN name="LABEL" missing=" " />
      <COLUMN name="FORMAT" missing=" " />
      <COLUMN name="LEVEL" value="Interval" />
      <COLUMN name="ROLE" value="INPUT" />
      <COLUMN name="FormatName" missing=" " />
   </INPUT>
   <INPUT>
      <COLUMN name="NAME" value="distance_to_employer" />
      <COLUMN name="TYPE" value="N" />
      <COLUMN name="LENGTH" value="8" />
      <COLUMN name="LABEL" missing=" " />
      <COLUMN name="FORMAT" missing=" " />
      <COLUMN name="LEVEL" value="Interval" />
      <COLUMN name="ROLE" value="INPUT" />
      <COLUMN name="FormatName" missing=" " />
   </INPUT>
   <INPUT>
      <COLUMN name="NAME" value="in_person_contact_indicator" />
      <COLUMN name="TYPE" value="N" />
      <COLUMN name="LENGTH" value="8" />
      <COLUMN name="LABEL" missing=" " />
      <COLUMN name="FORMAT" missing=" " />
      <COLUMN name="LEVEL" value="Interval" />
      <COLUMN name="ROLE" value="INPUT" />
      <COLUMN name="FormatName" missing=" " />
   </INPUT>
   <INPUT>
      <COLUMN name="NAME" value="linkedin_indicator" />
      <COLUMN name="TYPE" value="N" />
      <COLUMN name="LENGTH" value="8" />
      <COLUMN name="LABEL" missing=" " />
      <COLUMN name="FORMAT" missing=" " />
      <COLUMN name="LEVEL" value="Interval" />
      <COLUMN name="ROLE" value="INPUT" />
      <COLUMN name="FormatName" missing=" " />
   </INPUT>
   <INPUT>
      <COLUMN name="NAME" value="marital_status_single" />
      <COLUMN name="TYPE" value="N" />
      <COLUMN name="LENGTH" value="8" />
      <COLUMN name="LABEL" missing=" " />
      <COLUMN name="FORMAT" missing=" " />
      <COLUMN name="LEVEL" value="Interval" />
      <COLUMN name="ROLE" value="INPUT" />
      <COLUMN name="FormatName" missing=" " />
   </INPUT>
   <INPUT>
      <COLUMN name="NAME" value="prior_ctr_indicator" />
      <COLUMN name="TYPE" value="N" />
      <COLUMN name="LENGTH" value="8" />
      <COLUMN name="LABEL" missing=" " />
      <COLUMN name="FORMAT" missing=" " />
      <COLUMN name="LEVEL" value="Interval" />
      <COLUMN name="ROLE" value="INPUT" />
      <COLUMN name="FormatName" missing=" " />
   </INPUT>
</TABLE>
