{
   "creationTimeStamp": "2024-06-25T03:26:13.908Z",
   "createdBy": "Chris.Parrish@sas.com",
   "modifiedTimeStamp": "2024-09-13T14:06:52.455Z",
   "modifiedBy": "Chris.Parrish@sas.com",
   "id": "75c21f18-873c-4625-9d06-587dcc0eb559",
   "name": "logit_python_api_aml_bank_workbench",
   "description": "Logistic Regression",
   "scoreCodeType": "ds2MultiType",
   "algorithm": "logistic_regression",
   "function": "classification",
   "modeler": "chris_parrish",
   "trainTable": "cas-shared-default/Public/AML_BANK_PREP",
   "eventProbVar": "P_ml_indicator1",
   "targetVariable": "ml_indicator",
   "targetEvent": "1",
   "targetLevel": "binary",
   "tool": "Workbench",
   "toolVersion": "V.04.00",
   "copiedFrom": "logit_python_aml_bank_workbench(1.0)",
   "publishTimeStamp": 1719287691141,
   "mrmModel": true,
   "mrmModelUri": "/riskCirrusObjects/objects/models/da90e53c-4607-4b8a-84a3-fbe6cac581ff",
   "modelVersionName": "2.0",
   "custom properties": []
}