﻿<?xml version="1.0" encoding="utf-8" ?>
<TABLE>
   <OUTPUT>
      <COLUMN name="NAME" value="I_ml_indicator" />
      <COLUMN name="TYPE" value="N" />
      <COLUMN name="LENGTH" value="8" />
      <COLUMN name="LABEL" value="Into: ml_indicator" />
      <COLUMN name="FORMAT" missing=" " />
      <COLUMN name="LEVEL" missing=" " />
      <COLUMN name="ROLE" value="OUTPUT" />
   </OUTPUT>
   <OUTPUT>
      <COLUMN name="NAME" value="P_ml_indicator0" />
      <COLUMN name="TYPE" value="N" />
      <COLUMN name="LENGTH" value="8" />
      <COLUMN name="LABEL" value="Predicted: ml_indicator=0" />
      <COLUMN name="FORMAT" missing=" " />
      <COLUMN name="LEVEL" missing=" " />
      <COLUMN name="ROLE" value="OUTPUT" />
   </OUTPUT>
   <OUTPUT>
      <COLUMN name="NAME" value="P_ml_indicator1" />
      <COLUMN name="TYPE" value="N" />
      <COLUMN name="LENGTH" value="8" />
      <COLUMN name="LABEL" value="Predicted: ml_indicator=1" />
      <COLUMN name="FORMAT" missing=" " />
      <COLUMN name="LEVEL" missing=" " />
      <COLUMN name="ROLE" value="OUTPUT" />
   </OUTPUT>
</TABLE>
