<?xml version="1.0" encoding="utf-8"?>
<Score>
  <Producer>
     <Name>SAS: Chris.Parrish@sas.com </Name>
     <Version> 6.2 </Version>
     <Locale> en_US </Locale>
     <Encoding> utf-8 </Encoding>
  </Producer>
  <Input count="10">
     <Variable index=".">
        <Name> address_change_2x_indicator </Name>
        <Type> N </Type>
     </Variable>
     <Variable index=".">
        <Name> checking_only_indicator </Name>
        <Type> N </Type>
     </Variable>
     <Variable index=".">
        <Name> citizenship_country_risk </Name>
        <Type> N </Type>
     </Variable>
     <Variable index=".">
        <Name> cross_border_trx_indicator </Name>
        <Type> N </Type>
     </Variable>
     <Variable index=".">
        <Name> distance_to_bank </Name>
        <Type> N </Type>
     </Variable>
     <Variable index=".">
        <Name> distance_to_employer </Name>
        <Type> N </Type>
     </Variable>
     <Variable index=".">
        <Name> in_person_contact_indicator </Name>
        <Type> N </Type>
     </Variable>
     <Variable index=".">
        <Name> linkedin_indicator </Name>
        <Type> N </Type>
     </Variable>
     <Variable index=".">
        <Name> marital_status_single </Name>
        <Type> N </Type>
     </Variable>
     <Variable index=".">
        <Name> prior_ctr_indicator </Name>
        <Type> N </Type>
     </Variable>
  </Input>
  <Output count="3">
     <Variable index=".">
        <Name> I_ml_indicator </Name>
        <Type> N </Type>
        <Description>
           <![CDATA[Into: ml_indicator]]>
        </Description>
     </Variable>
     <Variable index=".">
        <Name> P_ml_indicator0 </Name>
        <Type> N </Type>
        <Description>
           <![CDATA[Predicted: ml_indicator=0]]>
        </Description>
     </Variable>
     <Variable index=".">
        <Name> P_ml_indicator1 </Name>
        <Type> N </Type>
        <Description>
           <![CDATA[Predicted: ml_indicator=1]]>
        </Description>
     </Variable>
  </Output>
</Score>
