{
  "name": "dmcas_lift",
  "revision": 0,
  "order": 0,
  "parameterMap": {
    "_DataRole_": {
      "parameter": "_DataRole_",
      "type": "char",
      "label": "Data Role",
      "length": 10,
      "order": 1,
      "values": "_DataRole_",
      "preformatted": false
    },
    "_PartInd_": {
      "parameter": "_PartInd_",
      "type": "num",
      "label": "Partition Indicator",
      "length": 8,
      "order": 2,
      "values": "_PartInd_",
      "preformatted": false
    },
    "_PartInd__f": {
      "parameter": "_PartInd__f",
      "type": "char",
      "label": "Formatted Partition",
      "length": 12,
      "order": 3,
      "values": "_PartInd__f",
      "preformatted": false
    },
    "_Column_": {
      "parameter": "_Column_",
      "type": "char",
      "label": "Analysis Variable",
      "length": 32,
      "order": 4,
      "values": "_Column_",
      "preformatted": false
    },
    "_Event_": {
      "parameter": "_Event_",
      "type": "char",
      "label": "Event",
      "length": 8,
      "order": 5,
      "values": "_Event_",
      "preformatted": false
    },
    "_Depth_": {
      "parameter": "_Depth_",
      "type": "num",
      "label": "Depth",
      "length": 8,
      "order": 6,
      "values": "_Depth_",
      "preformatted": false
    },
    "_NObs_": {
      "parameter": "_NObs_",
      "type": "num",
      "label": "Sum of Frequencies",
      "length": 8,
      "order": 7,
      "values": "_NObs_",
      "preformatted": false
    },
    "_Gain_": {
      "parameter": "_Gain_",
      "type": "num",
      "label": "Gain",
      "length": 8,
      "order": 8,
      "values": "_Gain_",
      "preformatted": false
    },
    "_Lift_": {
      "parameter": "_Lift_",
      "type": "num",
      "label": "Lift",
      "length": 8,
      "order": 9,
      "values": "_Lift_",
      "preformatted": false
    },
    "_CumLift_": {
      "parameter": "_CumLift_",
      "type": "num",
      "label": "Cumulative Lift",
      "length": 8,
      "order": 10,
      "values": "_CumLift_",
      "preformatted": false
    },
    "_Resp_": {
      "parameter": "_Resp_",
      "type": "num",
      "label": "Captured Response Percentage",
      "length": 8,
      "order": 11,
      "values": "_Resp_",
      "preformatted": false
    },
    "_CumResp_": {
      "parameter": "_CumResp_",
      "type": "num",
      "label": "Cumulative Captured Response Percentage",
      "length": 8,
      "order": 12,
      "values": "_CumResp_",
      "preformatted": false
    },
    "_PctResp_": {
      "parameter": "_PctResp_",
      "type": "num",
      "label": "% Response",
      "length": 8,
      "order": 13,
      "values": "_PctResp_",
      "preformatted": false
    },
    "_CumPctResp_": {
      "parameter": "_CumPctResp_",
      "type": "num",
      "label": "Cumulative % Response",
      "length": 8,
      "order": 14,
      "values": "_CumPctResp_",
      "preformatted": false
    },
    "_TargetName_": {
      "parameter": "_TargetName_",
      "type": "char",
      "label": "Target Name",
      "length": 20,
      "order": 15,
      "values": "_TargetName_",
      "preformatted": false
    }
  },
  "data": [
    {
      "dataMap": {
        "_DataRole_": "VALIDATE",
        "_PartInd_": 0,
        "_formattedPartition_": "           0",
        "_Column_": "P_ml_indicator1",
        "_Event_": 1,
        "_Depth_": 5.0117,
        "_NObs_": 215,
        "_Gain_": 181,
        "_Lift_": 17.8791,
        "_CumLift_": 17.8791,
        "_Resp_": 89.604,
        "_CumResp_": 89.604,
        "_PctResp_": 84.186,
        "_CumPctResp_": 84.186,
        "_TargetName_": "ml_indicator"
      },
      "rowNumber": 1
    },
    {
      "dataMap": {
        "_DataRole_": "VALIDATE",
        "_PartInd_": 0,
        "_formattedPartition_": "           0",
        "_Column_": "P_ml_indicator1",
        "_Event_": 1,
        "_Depth_": 10,
        "_NObs_": 214,
        "_Gain_": 15,
        "_Lift_": 1.4886,
        "_CumLift_": 9.703,
        "_Resp_": 7.4257,
        "_CumResp_": 97.0297,
        "_PctResp_": 7.0093,
        "_CumPctResp_": 45.6876,
        "_TargetName_": "ml_indicator"
      },
      "rowNumber": 2
    },
    {
      "dataMap": {
        "_DataRole_": "VALIDATE",
        "_PartInd_": 0,
        "_formattedPartition_": "           0",
        "_Column_": "P_ml_indicator1",
        "_Event_": 1,
        "_Depth_": 15.0117,
        "_NObs_": 215,
        "_Gain_": 5,
        "_Lift_": 0.4939,
        "_CumLift_": 6.6285,
        "_Resp_": 2.4752,
        "_CumResp_": 99.505,
        "_PctResp_": 2.3256,
        "_CumPctResp_": 31.2112,
        "_TargetName_": "ml_indicator"
      },
      "rowNumber": 3
    },
    {
      "dataMap": {
        "_DataRole_": "VALIDATE",
        "_PartInd_": 0,
        "_formattedPartition_": "           0",
        "_Column_": "P_ml_indicator1",
        "_Event_": 1,
        "_Depth_": 20,
        "_NObs_": 214,
        "_Gain_": 0,
        "_Lift_": 0,
        "_CumLift_": 4.9752,
        "_Resp_": 0,
        "_CumResp_": 99.505,
        "_PctResp_": 0,
        "_CumPctResp_": 23.4266,
        "_TargetName_": "ml_indicator"
      },
      "rowNumber": 4
    },
    {
      "dataMap": {
        "_DataRole_": "VALIDATE",
        "_PartInd_": 0,
        "_formattedPartition_": "           0",
        "_Column_": "P_ml_indicator1",
        "_Event_": 1,
        "_Depth_": 25.0117,
        "_NObs_": 215,
        "_Gain_": 1,
        "_Lift_": 0.0988,
        "_CumLift_": 3.9981,
        "_Resp_": 0.495,
        "_CumResp_": 100,
        "_PctResp_": 0.4651,
        "_CumPctResp_": 18.8257,
        "_TargetName_": "ml_indicator"
      },
      "rowNumber": 5
    },
    {
      "dataMap": {
        "_DataRole_": "VALIDATE",
        "_PartInd_": 0,
        "_formattedPartition_": "           0",
        "_Column_": "P_ml_indicator1",
        "_Event_": 1,
        "_Depth_": 30,
        "_NObs_": 214,
        "_Gain_": 0,
        "_Lift_": 0,
        "_CumLift_": 3.3333,
        "_Resp_": 0,
        "_CumResp_": 100,
        "_PctResp_": 0,
        "_CumPctResp_": 15.6954,
        "_TargetName_": "ml_indicator"
      },
      "rowNumber": 6
    },
    {
      "dataMap": {
        "_DataRole_": "VALIDATE",
        "_PartInd_": 0,
        "_formattedPartition_": "           0",
        "_Column_": "P_ml_indicator1",
        "_Event_": 1,
        "_Depth_": 35.0117,
        "_NObs_": 215,
        "_Gain_": 0,
        "_Lift_": 0,
        "_CumLift_": 2.8562,
        "_Resp_": 0,
        "_CumResp_": 100,
        "_PctResp_": 0,
        "_CumPctResp_": 13.4487,
        "_TargetName_": "ml_indicator"
      },
      "rowNumber": 7
    },
    {
      "dataMap": {
        "_DataRole_": "VALIDATE",
        "_PartInd_": 0,
        "_formattedPartition_": "           0",
        "_Column_": "P_ml_indicator1",
        "_Event_": 1,
        "_Depth_": 40,
        "_NObs_": 214,
        "_Gain_": 0,
        "_Lift_": 0,
        "_CumLift_": 2.5,
        "_Resp_": 0,
        "_CumResp_": 100,
        "_PctResp_": 0,
        "_CumPctResp_": 11.7716,
        "_TargetName_": "ml_indicator"
      },
      "rowNumber": 8
    },
    {
      "dataMap": {
        "_DataRole_": "VALIDATE",
        "_PartInd_": 0,
        "_formattedPartition_": "           0",
        "_Column_": "P_ml_indicator1",
        "_Event_": 1,
        "_Depth_": 45.0117,
        "_NObs_": 215,
        "_Gain_": 0,
        "_Lift_": 0,
        "_CumLift_": 2.2216,
        "_Resp_": 0,
        "_CumResp_": 100,
        "_PctResp_": 0,
        "_CumPctResp_": 10.4609,
        "_TargetName_": "ml_indicator"
      },
      "rowNumber": 9
    },
    {
      "dataMap": {
        "_DataRole_": "VALIDATE",
        "_PartInd_": 0,
        "_formattedPartition_": "           0",
        "_Column_": "P_ml_indicator1",
        "_Event_": 1,
        "_Depth_": 50,
        "_NObs_": 214,
        "_Gain_": 0,
        "_Lift_": 0,
        "_CumLift_": 2,
        "_Resp_": 0,
        "_CumResp_": 100,
        "_PctResp_": 0,
        "_CumPctResp_": 9.4172,
        "_TargetName_": "ml_indicator"
      },
      "rowNumber": 10
    },
    {
      "dataMap": {
        "_DataRole_": "VALIDATE",
        "_PartInd_": 0,
        "_formattedPartition_": "           0",
        "_Column_": "P_ml_indicator1",
        "_Event_": 1,
        "_Depth_": 54.9883,
        "_NObs_": 214,
        "_Gain_": 0,
        "_Lift_": 0,
        "_CumLift_": 1.8186,
        "_Resp_": 0,
        "_CumResp_": 100,
        "_PctResp_": 0,
        "_CumPctResp_": 8.563,
        "_TargetName_": "ml_indicator"
      },
      "rowNumber": 11
    },
    {
      "dataMap": {
        "_DataRole_": "VALIDATE",
        "_PartInd_": 0,
        "_formattedPartition_": "           0",
        "_Column_": "P_ml_indicator1",
        "_Event_": 1,
        "_Depth_": 60,
        "_NObs_": 215,
        "_Gain_": 0,
        "_Lift_": 0,
        "_CumLift_": 1.6667,
        "_Resp_": 0,
        "_CumResp_": 100,
        "_PctResp_": 0,
        "_CumPctResp_": 7.8477,
        "_TargetName_": "ml_indicator"
      },
      "rowNumber": 12
    },
    {
      "dataMap": {
        "_DataRole_": "VALIDATE",
        "_PartInd_": 0,
        "_formattedPartition_": "           0",
        "_Column_": "P_ml_indicator1",
        "_Event_": 1,
        "_Depth_": 64.9883,
        "_NObs_": 214,
        "_Gain_": 0,
        "_Lift_": 0,
        "_CumLift_": 1.5387,
        "_Resp_": 0,
        "_CumResp_": 100,
        "_PctResp_": 0,
        "_CumPctResp_": 7.2453,
        "_TargetName_": "ml_indicator"
      },
      "rowNumber": 13
    },
    {
      "dataMap": {
        "_DataRole_": "VALIDATE",
        "_PartInd_": 0,
        "_formattedPartition_": "           0",
        "_Column_": "P_ml_indicator1",
        "_Event_": 1,
        "_Depth_": 70,
        "_NObs_": 215,
        "_Gain_": 0,
        "_Lift_": 0,
        "_CumLift_": 1.4286,
        "_Resp_": 0,
        "_CumResp_": 100,
        "_PctResp_": 0,
        "_CumPctResp_": 6.7266,
        "_TargetName_": "ml_indicator"
      },
      "rowNumber": 14
    },
    {
      "dataMap": {
        "_DataRole_": "VALIDATE",
        "_PartInd_": 0,
        "_formattedPartition_": "           0",
        "_Column_": "P_ml_indicator1",
        "_Event_": 1,
        "_Depth_": 74.9883,
        "_NObs_": 214,
        "_Gain_": 0,
        "_Lift_": 0,
        "_CumLift_": 1.3335,
        "_Resp_": 0,
        "_CumResp_": 100,
        "_PctResp_": 0,
        "_CumPctResp_": 6.2791,
        "_TargetName_": "ml_indicator"
      },
      "rowNumber": 15
    },
    {
      "dataMap": {
        "_DataRole_": "VALIDATE",
        "_PartInd_": 0,
        "_formattedPartition_": "           0",
        "_Column_": "P_ml_indicator1",
        "_Event_": 1,
        "_Depth_": 80,
        "_NObs_": 215,
        "_Gain_": 0,
        "_Lift_": 0,
        "_CumLift_": 1.25,
        "_Resp_": 0,
        "_CumResp_": 100,
        "_PctResp_": 0,
        "_CumPctResp_": 5.8858,
        "_TargetName_": "ml_indicator"
      },
      "rowNumber": 16
    },
    {
      "dataMap": {
        "_DataRole_": "VALIDATE",
        "_PartInd_": 0,
        "_formattedPartition_": "           0",
        "_Column_": "P_ml_indicator1",
        "_Event_": 1,
        "_Depth_": 84.9883,
        "_NObs_": 214,
        "_Gain_": 0,
        "_Lift_": 0,
        "_CumLift_": 1.1766,
        "_Resp_": 0,
        "_CumResp_": 100,
        "_PctResp_": 0,
        "_CumPctResp_": 5.5403,
        "_TargetName_": "ml_indicator"
      },
      "rowNumber": 17
    },
    {
      "dataMap": {
        "_DataRole_": "VALIDATE",
        "_PartInd_": 0,
        "_formattedPartition_": "           0",
        "_Column_": "P_ml_indicator1",
        "_Event_": 1,
        "_Depth_": 90,
        "_NObs_": 215,
        "_Gain_": 0,
        "_Lift_": 0,
        "_CumLift_": 1.1111,
        "_Resp_": 0,
        "_CumResp_": 100,
        "_PctResp_": 0,
        "_CumPctResp_": 5.2318,
        "_TargetName_": "ml_indicator"
      },
      "rowNumber": 18
    },
    {
      "dataMap": {
        "_DataRole_": "VALIDATE",
        "_PartInd_": 0,
        "_formattedPartition_": "           0",
        "_Column_": "P_ml_indicator1",
        "_Event_": 1,
        "_Depth_": 94.9883,
        "_NObs_": 214,
        "_Gain_": 0,
        "_Lift_": 0,
        "_CumLift_": 1.0528,
        "_Resp_": 0,
        "_CumResp_": 100,
        "_PctResp_": 0,
        "_CumPctResp_": 4.9571,
        "_TargetName_": "ml_indicator"
      },
      "rowNumber": 19
    },
    {
      "dataMap": {
        "_DataRole_": "VALIDATE",
        "_PartInd_": 0,
        "_formattedPartition_": "           0",
        "_Column_": "P_ml_indicator1",
        "_Event_": 1,
        "_Depth_": 100,
        "_NObs_": 215,
        "_Gain_": 0,
        "_Lift_": 0,
        "_CumLift_": 1,
        "_Resp_": 0,
        "_CumResp_": 100,
        "_PctResp_": 0,
        "_CumPctResp_": 4.7086,
        "_TargetName_": "ml_indicator"
      },
      "rowNumber": 20
    },
    {
      "dataMap": {
        "_DataRole_": "TRAIN",
        "_PartInd_": 1,
        "_formattedPartition_": "           1",
        "_Column_": "P_ml_indicator1",
        "_Event_": 1,
        "_Depth_": 5.0105,
        "_NObs_": 430,
        "_Gain_": 383,
        "_Lift_": 17.294,
        "_CumLift_": 17.294,
        "_Resp_": 86.6516,
        "_CumResp_": 86.6516,
        "_PctResp_": 89.0698,
        "_CumPctResp_": 89.0698,
        "_TargetName_": "ml_indicator"
      },
      "rowNumber": 21
    },
    {
      "dataMap": {
        "_DataRole_": "TRAIN",
        "_PartInd_": 1,
        "_formattedPartition_": "           1",
        "_Column_": "P_ml_indicator1",
        "_Event_": 1,
        "_Depth_": 10.0093,
        "_NObs_": 429,
        "_Gain_": 51,
        "_Lift_": 2.3082,
        "_CumLift_": 9.8099,
        "_Resp_": 11.5385,
        "_CumResp_": 98.19,
        "_PctResp_": 11.8881,
        "_CumPctResp_": 50.5239,
        "_TargetName_": "ml_indicator"
      },
      "rowNumber": 22
    },
    {
      "dataMap": {
        "_DataRole_": "TRAIN",
        "_PartInd_": 1,
        "_formattedPartition_": "           1",
        "_Column_": "P_ml_indicator1",
        "_Event_": 1,
        "_Depth_": 15.0082,
        "_NObs_": 429,
        "_Gain_": 4,
        "_Lift_": 0.181,
        "_CumLift_": 6.6027,
        "_Resp_": 0.905,
        "_CumResp_": 99.095,
        "_PctResp_": 0.9324,
        "_CumPctResp_": 34.0062,
        "_TargetName_": "ml_indicator"
      },
      "rowNumber": 23
    },
    {
      "dataMap": {
        "_DataRole_": "TRAIN",
        "_PartInd_": 1,
        "_formattedPartition_": "           1",
        "_Column_": "P_ml_indicator1",
        "_Event_": 1,
        "_Depth_": 20.007,
        "_NObs_": 429,
        "_Gain_": 1,
        "_Lift_": 0.0453,
        "_CumLift_": 4.9643,
        "_Resp_": 0.2262,
        "_CumResp_": 99.3213,
        "_PctResp_": 0.2331,
        "_CumPctResp_": 25.5679,
        "_TargetName_": "ml_indicator"
      },
      "rowNumber": 24
    },
    {
      "dataMap": {
        "_DataRole_": "TRAIN",
        "_PartInd_": 1,
        "_formattedPartition_": "           1",
        "_Column_": "P_ml_indicator1",
        "_Event_": 1,
        "_Depth_": 25.0058,
        "_NObs_": 429,
        "_Gain_": 1,
        "_Lift_": 0.0453,
        "_CumLift_": 3.981,
        "_Resp_": 0.2262,
        "_CumResp_": 99.5475,
        "_PctResp_": 0.2331,
        "_CumPctResp_": 20.5033,
        "_TargetName_": "ml_indicator"
      },
      "rowNumber": 25
    },
    {
      "dataMap": {
        "_DataRole_": "TRAIN",
        "_PartInd_": 1,
        "_formattedPartition_": "           1",
        "_Column_": "P_ml_indicator1",
        "_Event_": 1,
        "_Depth_": 30.0047,
        "_NObs_": 429,
        "_Gain_": 0,
        "_Lift_": 0,
        "_CumLift_": 3.3177,
        "_Resp_": 0,
        "_CumResp_": 99.5475,
        "_PctResp_": 0,
        "_CumPctResp_": 17.0874,
        "_TargetName_": "ml_indicator"
      },
      "rowNumber": 26
    },
    {
      "dataMap": {
        "_DataRole_": "TRAIN",
        "_PartInd_": 1,
        "_formattedPartition_": "           1",
        "_Column_": "P_ml_indicator1",
        "_Event_": 1,
        "_Depth_": 35.0035,
        "_NObs_": 429,
        "_Gain_": 1,
        "_Lift_": 0.0453,
        "_CumLift_": 2.8504,
        "_Resp_": 0.2262,
        "_CumResp_": 99.7738,
        "_PctResp_": 0.2331,
        "_CumPctResp_": 14.6804,
        "_TargetName_": "ml_indicator"
      },
      "rowNumber": 27
    },
    {
      "dataMap": {
        "_DataRole_": "TRAIN",
        "_PartInd_": 1,
        "_formattedPartition_": "           1",
        "_Column_": "P_ml_indicator1",
        "_Event_": 1,
        "_Depth_": 40.0023,
        "_NObs_": 429,
        "_Gain_": 0,
        "_Lift_": 0,
        "_CumLift_": 2.4942,
        "_Resp_": 0,
        "_CumResp_": 99.7738,
        "_PctResp_": 0,
        "_CumPctResp_": 12.8459,
        "_TargetName_": "ml_indicator"
      },
      "rowNumber": 28
    },
    {
      "dataMap": {
        "_DataRole_": "TRAIN",
        "_PartInd_": 1,
        "_formattedPartition_": "           1",
        "_Column_": "P_ml_indicator1",
        "_Event_": 1,
        "_Depth_": 45.0012,
        "_NObs_": 429,
        "_Gain_": 0,
        "_Lift_": 0,
        "_CumLift_": 2.2171,
        "_Resp_": 0,
        "_CumResp_": 99.7738,
        "_PctResp_": 0,
        "_CumPctResp_": 11.419,
        "_TargetName_": "ml_indicator"
      },
      "rowNumber": 29
    },
    {
      "dataMap": {
        "_DataRole_": "TRAIN",
        "_PartInd_": 1,
        "_formattedPartition_": "           1",
        "_Column_": "P_ml_indicator1",
        "_Event_": 1,
        "_Depth_": 50,
        "_NObs_": 429,
        "_Gain_": 0,
        "_Lift_": 0,
        "_CumLift_": 1.9955,
        "_Resp_": 0,
        "_CumResp_": 99.7738,
        "_PctResp_": 0,
        "_CumPctResp_": 10.2773,
        "_TargetName_": "ml_indicator"
      },
      "rowNumber": 30
    },
    {
      "dataMap": {
        "_DataRole_": "TRAIN",
        "_PartInd_": 1,
        "_formattedPartition_": "           1",
        "_Column_": "P_ml_indicator1",
        "_Event_": 1,
        "_Depth_": 54.9988,
        "_NObs_": 429,
        "_Gain_": 1,
        "_Lift_": 0.0453,
        "_CumLift_": 1.8182,
        "_Resp_": 0.2262,
        "_CumResp_": 100,
        "_PctResp_": 0.2331,
        "_CumPctResp_": 9.3644,
        "_TargetName_": "ml_indicator"
      },
      "rowNumber": 31
    },
    {
      "dataMap": {
        "_DataRole_": "TRAIN",
        "_PartInd_": 1,
        "_formattedPartition_": "           1",
        "_Column_": "P_ml_indicator1",
        "_Event_": 1,
        "_Depth_": 59.9977,
        "_NObs_": 429,
        "_Gain_": 0,
        "_Lift_": 0,
        "_CumLift_": 1.6667,
        "_Resp_": 0,
        "_CumResp_": 100,
        "_PctResp_": 0,
        "_CumPctResp_": 8.5842,
        "_TargetName_": "ml_indicator"
      },
      "rowNumber": 32
    },
    {
      "dataMap": {
        "_DataRole_": "TRAIN",
        "_PartInd_": 1,
        "_formattedPartition_": "           1",
        "_Column_": "P_ml_indicator1",
        "_Event_": 1,
        "_Depth_": 64.9965,
        "_NObs_": 429,
        "_Gain_": 0,
        "_Lift_": 0,
        "_CumLift_": 1.5385,
        "_Resp_": 0,
        "_CumResp_": 100,
        "_PctResp_": 0,
        "_CumPctResp_": 7.924,
        "_TargetName_": "ml_indicator"
      },
      "rowNumber": 33
    },
    {
      "dataMap": {
        "_DataRole_": "TRAIN",
        "_PartInd_": 1,
        "_formattedPartition_": "           1",
        "_Column_": "P_ml_indicator1",
        "_Event_": 1,
        "_Depth_": 69.9953,
        "_NObs_": 429,
        "_Gain_": 0,
        "_Lift_": 0,
        "_CumLift_": 1.4287,
        "_Resp_": 0,
        "_CumResp_": 100,
        "_PctResp_": 0,
        "_CumPctResp_": 7.3581,
        "_TargetName_": "ml_indicator"
      },
      "rowNumber": 34
    },
    {
      "dataMap": {
        "_DataRole_": "TRAIN",
        "_PartInd_": 1,
        "_formattedPartition_": "           1",
        "_Column_": "P_ml_indicator1",
        "_Event_": 1,
        "_Depth_": 74.9942,
        "_NObs_": 429,
        "_Gain_": 0,
        "_Lift_": 0,
        "_CumLift_": 1.3334,
        "_Resp_": 0,
        "_CumResp_": 100,
        "_PctResp_": 0,
        "_CumPctResp_": 6.8676,
        "_TargetName_": "ml_indicator"
      },
      "rowNumber": 35
    },
    {
      "dataMap": {
        "_DataRole_": "TRAIN",
        "_PartInd_": 1,
        "_formattedPartition_": "           1",
        "_Column_": "P_ml_indicator1",
        "_Event_": 1,
        "_Depth_": 79.993,
        "_NObs_": 429,
        "_Gain_": 0,
        "_Lift_": 0,
        "_CumLift_": 1.2501,
        "_Resp_": 0,
        "_CumResp_": 100,
        "_PctResp_": 0,
        "_CumPctResp_": 6.4385,
        "_TargetName_": "ml_indicator"
      },
      "rowNumber": 36
    },
    {
      "dataMap": {
        "_DataRole_": "TRAIN",
        "_PartInd_": 1,
        "_formattedPartition_": "           1",
        "_Column_": "P_ml_indicator1",
        "_Event_": 1,
        "_Depth_": 84.9918,
        "_NObs_": 429,
        "_Gain_": 0,
        "_Lift_": 0,
        "_CumLift_": 1.1766,
        "_Resp_": 0,
        "_CumResp_": 100,
        "_PctResp_": 0,
        "_CumPctResp_": 6.0598,
        "_TargetName_": "ml_indicator"
      },
      "rowNumber": 37
    },
    {
      "dataMap": {
        "_DataRole_": "TRAIN",
        "_PartInd_": 1,
        "_formattedPartition_": "           1",
        "_Column_": "P_ml_indicator1",
        "_Event_": 1,
        "_Depth_": 89.9907,
        "_NObs_": 429,
        "_Gain_": 0,
        "_Lift_": 0,
        "_CumLift_": 1.1112,
        "_Resp_": 0,
        "_CumResp_": 100,
        "_PctResp_": 0,
        "_CumPctResp_": 5.7232,
        "_TargetName_": "ml_indicator"
      },
      "rowNumber": 38
    },
    {
      "dataMap": {
        "_DataRole_": "TRAIN",
        "_PartInd_": 1,
        "_formattedPartition_": "           1",
        "_Column_": "P_ml_indicator1",
        "_Event_": 1,
        "_Depth_": 94.9895,
        "_NObs_": 429,
        "_Gain_": 0,
        "_Lift_": 0,
        "_CumLift_": 1.0527,
        "_Resp_": 0,
        "_CumResp_": 100,
        "_PctResp_": 0,
        "_CumPctResp_": 5.422,
        "_TargetName_": "ml_indicator"
      },
      "rowNumber": 39
    },
    {
      "dataMap": {
        "_DataRole_": "TRAIN",
        "_PartInd_": 1,
        "_formattedPartition_": "           1",
        "_Column_": "P_ml_indicator1",
        "_Event_": 1,
        "_Depth_": 100,
        "_NObs_": 430,
        "_Gain_": 0,
        "_Lift_": 0,
        "_CumLift_": 1,
        "_Resp_": 0,
        "_CumResp_": 100,
        "_PctResp_": 0,
        "_CumPctResp_": 5.1503,
        "_TargetName_": "ml_indicator"
      },
      "rowNumber": 40
    },
    {
      "dataMap": {
        "_DataRole_": "TEST",
        "_PartInd_": 2,
        "_formattedPartition_": "           2",
        "_Column_": "P_ml_indicator1",
        "_Event_": 1,
        "_Depth_": 5.035,
        "_NObs_": 72,
        "_Gain_": 60,
        "_Lift_": 16.5509,
        "_CumLift_": 16.5509,
        "_Resp_": 83.3333,
        "_CumResp_": 83.3333,
        "_PctResp_": 83.3333,
        "_CumPctResp_": 83.3333,
        "_TargetName_": "ml_indicator"
      },
      "rowNumber": 41
    },
    {
      "dataMap": {
        "_DataRole_": "TEST",
        "_PartInd_": 2,
        "_formattedPartition_": "           2",
        "_Column_": "P_ml_indicator1",
        "_Event_": 1,
        "_Depth_": 10,
        "_NObs_": 71,
        "_Gain_": 10,
        "_Lift_": 2.7973,
        "_CumLift_": 9.7222,
        "_Resp_": 13.8889,
        "_CumResp_": 97.2222,
        "_PctResp_": 14.0845,
        "_CumPctResp_": 48.951,
        "_TargetName_": "ml_indicator"
      },
      "rowNumber": 42
    },
    {
      "dataMap": {
        "_DataRole_": "TEST",
        "_PartInd_": 2,
        "_formattedPartition_": "           2",
        "_Column_": "P_ml_indicator1",
        "_Event_": 1,
        "_Depth_": 15.035,
        "_NObs_": 72,
        "_Gain_": 0,
        "_Lift_": 0,
        "_CumLift_": 6.4664,
        "_Resp_": 0,
        "_CumResp_": 97.2222,
        "_PctResp_": 0,
        "_CumPctResp_": 32.5581,
        "_TargetName_": "ml_indicator"
      },
      "rowNumber": 43
    },
    {
      "dataMap": {
        "_DataRole_": "TEST",
        "_PartInd_": 2,
        "_formattedPartition_": "           2",
        "_Column_": "P_ml_indicator1",
        "_Event_": 1,
        "_Depth_": 20,
        "_NObs_": 71,
        "_Gain_": 2,
        "_Lift_": 0.5595,
        "_CumLift_": 5,
        "_Resp_": 2.7778,
        "_CumResp_": 100,
        "_PctResp_": 2.8169,
        "_CumPctResp_": 25.1748,
        "_TargetName_": "ml_indicator"
      },
      "rowNumber": 44
    },
    {
      "dataMap": {
        "_DataRole_": "TEST",
        "_PartInd_": 2,
        "_formattedPartition_": "           2",
        "_Column_": "P_ml_indicator1",
        "_Event_": 1,
        "_Depth_": 25.035,
        "_NObs_": 72,
        "_Gain_": 0,
        "_Lift_": 0,
        "_CumLift_": 3.9944,
        "_Resp_": 0,
        "_CumResp_": 100,
        "_PctResp_": 0,
        "_CumPctResp_": 20.1117,
        "_TargetName_": "ml_indicator"
      },
      "rowNumber": 45
    },
    {
      "dataMap": {
        "_DataRole_": "TEST",
        "_PartInd_": 2,
        "_formattedPartition_": "           2",
        "_Column_": "P_ml_indicator1",
        "_Event_": 1,
        "_Depth_": 30,
        "_NObs_": 71,
        "_Gain_": 0,
        "_Lift_": 0,
        "_CumLift_": 3.3333,
        "_Resp_": 0,
        "_CumResp_": 100,
        "_PctResp_": 0,
        "_CumPctResp_": 16.7832,
        "_TargetName_": "ml_indicator"
      },
      "rowNumber": 46
    },
    {
      "dataMap": {
        "_DataRole_": "TEST",
        "_PartInd_": 2,
        "_formattedPartition_": "           2",
        "_Column_": "P_ml_indicator1",
        "_Event_": 1,
        "_Depth_": 35.035,
        "_NObs_": 72,
        "_Gain_": 0,
        "_Lift_": 0,
        "_CumLift_": 2.8543,
        "_Resp_": 0,
        "_CumResp_": 100,
        "_PctResp_": 0,
        "_CumPctResp_": 14.3713,
        "_TargetName_": "ml_indicator"
      },
      "rowNumber": 47
    },
    {
      "dataMap": {
        "_DataRole_": "TEST",
        "_PartInd_": 2,
        "_formattedPartition_": "           2",
        "_Column_": "P_ml_indicator1",
        "_Event_": 1,
        "_Depth_": 40,
        "_NObs_": 71,
        "_Gain_": 0,
        "_Lift_": 0,
        "_CumLift_": 2.5,
        "_Resp_": 0,
        "_CumResp_": 100,
        "_PctResp_": 0,
        "_CumPctResp_": 12.5874,
        "_TargetName_": "ml_indicator"
      },
      "rowNumber": 48
    },
    {
      "dataMap": {
        "_DataRole_": "TEST",
        "_PartInd_": 2,
        "_formattedPartition_": "           2",
        "_Column_": "P_ml_indicator1",
        "_Event_": 1,
        "_Depth_": 45.035,
        "_NObs_": 72,
        "_Gain_": 0,
        "_Lift_": 0,
        "_CumLift_": 2.2205,
        "_Resp_": 0,
        "_CumResp_": 100,
        "_PctResp_": 0,
        "_CumPctResp_": 11.1801,
        "_TargetName_": "ml_indicator"
      },
      "rowNumber": 49
    },
    {
      "dataMap": {
        "_DataRole_": "TEST",
        "_PartInd_": 2,
        "_formattedPartition_": "           2",
        "_Column_": "P_ml_indicator1",
        "_Event_": 1,
        "_Depth_": 50,
        "_NObs_": 71,
        "_Gain_": 0,
        "_Lift_": 0,
        "_CumLift_": 2,
        "_Resp_": 0,
        "_CumResp_": 100,
        "_PctResp_": 0,
        "_CumPctResp_": 10.0699,
        "_TargetName_": "ml_indicator"
      },
      "rowNumber": 50
    },
    {
      "dataMap": {
        "_DataRole_": "TEST",
        "_PartInd_": 2,
        "_formattedPartition_": "           2",
        "_Column_": "P_ml_indicator1",
        "_Event_": 1,
        "_Depth_": 54.965,
        "_NObs_": 71,
        "_Gain_": 0,
        "_Lift_": 0,
        "_CumLift_": 1.8193,
        "_Resp_": 0,
        "_CumResp_": 100,
        "_PctResp_": 0,
        "_CumPctResp_": 9.1603,
        "_TargetName_": "ml_indicator"
      },
      "rowNumber": 51
    },
    {
      "dataMap": {
        "_DataRole_": "TEST",
        "_PartInd_": 2,
        "_formattedPartition_": "           2",
        "_Column_": "P_ml_indicator1",
        "_Event_": 1,
        "_Depth_": 60,
        "_NObs_": 72,
        "_Gain_": 0,
        "_Lift_": 0,
        "_CumLift_": 1.6667,
        "_Resp_": 0,
        "_CumResp_": 100,
        "_PctResp_": 0,
        "_CumPctResp_": 8.3916,
        "_TargetName_": "ml_indicator"
      },
      "rowNumber": 52
    },
    {
      "dataMap": {
        "_DataRole_": "TEST",
        "_PartInd_": 2,
        "_formattedPartition_": "           2",
        "_Column_": "P_ml_indicator1",
        "_Event_": 1,
        "_Depth_": 64.965,
        "_NObs_": 71,
        "_Gain_": 0,
        "_Lift_": 0,
        "_CumLift_": 1.5393,
        "_Resp_": 0,
        "_CumResp_": 100,
        "_PctResp_": 0,
        "_CumPctResp_": 7.7503,
        "_TargetName_": "ml_indicator"
      },
      "rowNumber": 53
    },
    {
      "dataMap": {
        "_DataRole_": "TEST",
        "_PartInd_": 2,
        "_formattedPartition_": "           2",
        "_Column_": "P_ml_indicator1",
        "_Event_": 1,
        "_Depth_": 70,
        "_NObs_": 72,
        "_Gain_": 0,
        "_Lift_": 0,
        "_CumLift_": 1.4286,
        "_Resp_": 0,
        "_CumResp_": 100,
        "_PctResp_": 0,
        "_CumPctResp_": 7.1928,
        "_TargetName_": "ml_indicator"
      },
      "rowNumber": 54
    },
    {
      "dataMap": {
        "_DataRole_": "TEST",
        "_PartInd_": 2,
        "_formattedPartition_": "           2",
        "_Column_": "P_ml_indicator1",
        "_Event_": 1,
        "_Depth_": 74.965,
        "_NObs_": 71,
        "_Gain_": 0,
        "_Lift_": 0,
        "_CumLift_": 1.334,
        "_Resp_": 0,
        "_CumResp_": 100,
        "_PctResp_": 0,
        "_CumPctResp_": 6.7164,
        "_TargetName_": "ml_indicator"
      },
      "rowNumber": 55
    },
    {
      "dataMap": {
        "_DataRole_": "TEST",
        "_PartInd_": 2,
        "_formattedPartition_": "           2",
        "_Column_": "P_ml_indicator1",
        "_Event_": 1,
        "_Depth_": 80,
        "_NObs_": 72,
        "_Gain_": 0,
        "_Lift_": 0,
        "_CumLift_": 1.25,
        "_Resp_": 0,
        "_CumResp_": 100,
        "_PctResp_": 0,
        "_CumPctResp_": 6.2937,
        "_TargetName_": "ml_indicator"
      },
      "rowNumber": 56
    },
    {
      "dataMap": {
        "_DataRole_": "TEST",
        "_PartInd_": 2,
        "_formattedPartition_": "           2",
        "_Column_": "P_ml_indicator1",
        "_Event_": 1,
        "_Depth_": 84.965,
        "_NObs_": 71,
        "_Gain_": 0,
        "_Lift_": 0,
        "_CumLift_": 1.177,
        "_Resp_": 0,
        "_CumResp_": 100,
        "_PctResp_": 0,
        "_CumPctResp_": 5.9259,
        "_TargetName_": "ml_indicator"
      },
      "rowNumber": 57
    },
    {
      "dataMap": {
        "_DataRole_": "TEST",
        "_PartInd_": 2,
        "_formattedPartition_": "           2",
        "_Column_": "P_ml_indicator1",
        "_Event_": 1,
        "_Depth_": 90,
        "_NObs_": 72,
        "_Gain_": 0,
        "_Lift_": 0,
        "_CumLift_": 1.1111,
        "_Resp_": 0,
        "_CumResp_": 100,
        "_PctResp_": 0,
        "_CumPctResp_": 5.5944,
        "_TargetName_": "ml_indicator"
      },
      "rowNumber": 58
    },
    {
      "dataMap": {
        "_DataRole_": "TEST",
        "_PartInd_": 2,
        "_formattedPartition_": "           2",
        "_Column_": "P_ml_indicator1",
        "_Event_": 1,
        "_Depth_": 94.965,
        "_NObs_": 71,
        "_Gain_": 0,
        "_Lift_": 0,
        "_CumLift_": 1.053,
        "_Resp_": 0,
        "_CumResp_": 100,
        "_PctResp_": 0,
        "_CumPctResp_": 5.3019,
        "_TargetName_": "ml_indicator"
      },
      "rowNumber": 59
    },
    {
      "dataMap": {
        "_DataRole_": "TEST",
        "_PartInd_": 2,
        "_formattedPartition_": "           2",
        "_Column_": "P_ml_indicator1",
        "_Event_": 1,
        "_Depth_": 100,
        "_NObs_": 72,
        "_Gain_": 0,
        "_Lift_": 0,
        "_CumLift_": 1,
        "_Resp_": 0,
        "_CumResp_": 100,
        "_PctResp_": 0,
        "_CumPctResp_": 5.035,
        "_TargetName_": "ml_indicator"
      },
      "rowNumber": 60
    }
  ],
  "version": 1,
  "yInteger": false,
  "xInteger": false
}
